ลำดับ,รายการ,หมายเลขครุภัณฑ์,หมายเลขสินทรัพย์ตามระบบ GFMIS,วันที่ได้มา,จำนวน,สภาพครุภัณฑ์,หมายเหตุ,ประเภท,สถานที่
1,โต๊ะทำงาน ระดับ  7-8 ,71110-007-4-015,ไม่มีหมายเลข,6 ส.ค. 33,1,ใช้ได้,ห้องเจนพิธีกร,โต๊ะ,ห้องเจนพิธีกร
2,โต๊ะทำงาน ระดับ  7-8 ,7110-002-9-008,ไม่มีหมายเลข,6 ส.ค. 33,1,ใช้ได้,พี่อุ๊,โต๊ะ,ไม่สามารถระบุได้
3,โต๊ะทำงาน ระดับ  7-8 ,ไม่มีหมายเลข,ไม่มีหมายเลข,6 ส.ค. 33,1,ใช้ได้,หัวหน้าโจ,โต๊ะ,ไม่สามารถระบุได้
4,โต๊ะทำงาน ระดับ  3-6,7440-020-0002.44.2,ไม่มีหมายเลข,11 ก.พ. 29,1,ใช้ได้,สทส.ยืม มท 0607/48 ลว 22 ก.ค. 37,โต๊ะ,ไม่สามารถระบุได้
5,โต๊ะทำงาน ระดับ  3-6,7440-013-6807.1/2554,ไม่มีหมายเลข,11 ก.พ. 29,1,ใช้ได้,พี่เพ็ญ,โต๊ะ,ไม่สามารถระบุได้
6,โต๊ะทำงาน ระดับ  3-6,ไม่มีหมายเลข,ไม่มีหมายเลข,11 ก.พ. 29,1,ใช้ได้,สนญ.ยืมตามบันทึก ลว 19 ก.พ. 39,โต๊ะ,ไม่สามารถระบุได้
7,โต๊ะทำงาน ระดับ  3-6,7110-007-3-077,ไม่มีหมายเลข,30 ส.ค. 30,1,ใช้ได้,พี่ย๊ะ,โต๊ะ,ห้องปฏิบัติการ 1
8,โต๊ะทำงาน ระดับ  3-6,7440-020-0007.376,ไม่มีหมายเลข,30 ส.ค. 30,1,ใช้ได้,สนง.สาขาปากเกร็ด ยืม   นบ.0020.7/225 ลว.25 มี.ค.37,โต๊ะ,ไม่สามารถระบุได้
9,โต๊ะทำงาน ระดับ  3-6,7440-020-0007.359,ไม่มีหมายเลข,30 ส.ค. 30,1,ใช้ได้,สทส. ยืม มท 0607/48 ลว.22 ส.ค.37,โต๊ะ,ไม่สามารถระบุได้
10,โต๊ะทำงาน ระดับ  3-6,7110-007-3-076,ไม่มีหมายเลข,30 ส.ค. 30,1,ใช้ได้,โต๊ะแท๊บ,โต๊ะ,โถงห้องทำงานข้าราชการ
11,โต๊ะทำงาน ระดับ  3-6,7440-020-0007.361,ไม่มีหมายเลข,30 ส.ค. 30,1,ใช้ได้,หัวหน้าโจ,โต๊ะ,ไม่สามารถระบุได้
12,โต๊ะทำงาน ระดับ  3-6,7110-007-3-086,ไม่มีหมายเลข,30 ส.ค. 30,1,ใช้ได้,พี่พล,โต๊ะ,โถงห้องทำงานข้าราชการ
13,โต๊ะทำงาน ระดับ  3-6,7110-007-3-089,ไม่มีหมายเลข,30 ส.ค. 30,1,ใช้ได้,พี่จอม,โต๊ะ,ห้องปฏิบัติการ 2
14,โต๊ะทำงาน ระดับ  3-6,7440-020-0007.362,ไม่มีหมายเลข,30 ส.ค. 30,1,ใช้ได้,โต๊ะสายัณห์,โต๊ะ,ไม่สามารถระบุได้
15,โต๊ะทำงาน ระดับ  3-6,7440-020-0007.365,ไม่มีหมายเลข,30 ส.ค. 30,1,ใช้ได้,สทส. ยืม มท 0706/542  ลว. 22 ส.ค. 33,โต๊ะ,ไม่สามารถระบุได้
16,โต๊ะทำงาน ระดับ  3-6,7110-007-3-094,ไม่มีหมายเลข,30 ส.ค. 30,1,ใช้ได้,พี่เหมียว,โต๊ะ,โถงห้องทำงานข้าราชการ
17,โต๊ะทำงาน ระดับ  3-6,7440-020-0007.373,ไม่มีหมายเลข,30 ส.ค. 30,1,ใช้ได้,พี่แอ้,โต๊ะ,ไม่สามารถระบุได้
18,โต๊ะทำงาน ระดับ  3-6,7110-007-3-451,ไม่มีหมายเลข,30 ส.ค. 30,1,ใช้ได้,พี่เอี้ยง,โต๊ะ,โถงห้องทำงานข้าราชการ
19,โต๊ะทำงาน ระดับ  3-6,7440-020-0007.360,ไม่มีหมายเลข,30 ส.ค. 30,1,ใช้ได้,สทส. ยืม มท 0706/48 ลว 22 ส.ค. 37,โต๊ะ,ไม่สามารถระบุได้
20,โต๊ะทำงาน ระดับ  3-6,7110-007-3-582,ไม่มีหมายเลข,30 ส.ค. 30,1,ใช้ได้,พี่นิวัฒน์,โต๊ะ,โถงห้องทำงานข้าราชการ
21,โต๊ะทำงาน ระดับ  3-6,7110-007-3-583,ไม่มีหมายเลข,30 ส.ค. 30,1,ใช้ได้,พี่วสุ,โต๊ะ,โถงห้องทำงานข้าราชการ
22,โต๊ะทำงาน ระดับ  3-6,7110-007-3-799,ไม่มีหมายเลข,30 ส.ค. 30,1,ใช้ได้,พี่ณรงค์สิทธิ์,โต๊ะ,โถงห้องทำงานข้าราชการ
23,โต๊ะทำงาน ระดับ  3-6,7110-007-3-592,ไม่มีหมายเลข,30 ส.ค. 30,1,ใช้ได้,พี่ธวัชชัย,โต๊ะ,โถงห้องทำงานข้าราชการ
24,โต๊ะทำงาน ระดับ  3-6,7110-007-3-594,ไม่มีหมายเลข,30 ส.ค. 30,1,ใช้ได้,เบล,โต๊ะ,โถงห้องทำงานข้าราชการ
25,โต๊ะทำงาน ระดับ  3-6,7110-007-3-796,ไม่มีหมายเลข,30 ส.ค. 30,1,ใช้ได้,พี่เป็ด,โต๊ะ,โถงห้องทำงานข้าราชการ
26,โต๊ะทำงาน ระดับ  3-6,7110-007-3-797,ไม่มีหมายเลข,30 ส.ค. 30,1,ใช้ได้,แนน,โต๊ะ,โถงห้องทำงานข้าราชการ
27,โต๊ะทำงาน ระดับ  3-6,7110-007-3-801,ไม่มีหมายเลข,30 ส.ค. 30,1,ใช้ได้,พี่เขี้ยว,โต๊ะ,โถงห้องทำงานข้าราชการ
28,โต๊ะทำงาน ระดับ  3-6,7110-007-3-802,ไม่มีหมายเลข,30 ส.ค. 30,1,ใช้ได้,จ๋า จิตตรานุช,โต๊ะ,ห้องปฏิบัติการ 1
29,โต๊ะทำงาน ระดับ  3-6,7110-007-3-803,ไม่มีหมายเลข,3๐ ส.ค. 30,1,ใช้ได้,พี่เป้,โต๊ะ,ห้องปฏิบัติการ 2
30,โต๊ะทำงาน ระดับ  3-6,7440-020-0007.358,ไม่มีหมายเลข,30 ส.ค. 30,1,ใช้ได้,สทส. ยืม มท 0607/48 ลว 22 ส.ค. 37,โต๊ะ,ไม่สามารถระบุได้
31,โต๊ะทำงาน ระดับ  3-6,7110-007-3-806,ไม่มีหมายเลข,30 ส.ค. 30,1,ใช้ได้,กิ๊ก,โต๊ะ,ห้องธุรการ
32,โต๊ะทำงาน ระดับ  3-6,7440-020-0007.369,ไม่มีหมายเลข,30 ส.ค. 30,1,ใช้ได้,ห้องอนุมัติ,โต๊ะ,ไม่สามารถระบุได้
33,โต๊ะทำงาน ระดับ  3-6,7110-007-3-809,ไม่มีหมายเลข,30 ส.ค. 30,1,ใช้ได้,พี่จึง,โต๊ะ,โถงห้องทำงานข้าราชการ
34,โต๊ะทำงาน ระดับ  3-6,7110-007-3-817,ไม่มีหมายเลข,30 ส.ค. 30,1,ใช้ได้,พี่เอกสิทธิ์,โต๊ะ,โถงห้องทำงานข้าราชการ
35,โต๊ะทำงาน ระดับ  3-6,7110-007-3-818,ไม่มีหมายเลข,3๐ ส.ค. 30,1,ใช้ได้,ปูน,โต๊ะ,ห้องปฏิบัติการ 3
36,โต๊ะทำงาน ระดับ  3-6,7110-007-3-821,ไม่มีหมายเลข,30 ส.ค. 30,1,ใช้ได้,พี่พงศ์,โต๊ะ,โถงห้องทำงานข้าราชการ
37,โต๊ะทำงาน ระดับ  3-6,7110-007-3-824,ไม่มีหมายเลข,30 ส.ค. 30,1,ใช้ได้,พี่พล,โต๊ะ,โถงห้องทำงานข้าราชการ
38,โต๊ะทำงาน ระดับ  3-6,7110-007-3-957,ไม่มีหมายเลข,30 ส.ค. 30,1,ใช้ได้,พี่หน่อย,โต๊ะ,ห้องธุรการ
39,โต๊ะทำงาน ระดับ  3-6,7110-007-3-589,ไม่มีหมายเลข,30 ส.ค. 30,1,ใช้ได้,ญ่า,โต๊ะ,โถงห้องทำงานข้าราชการ
40,โต๊ะทำงาน ระดับ  3-6,7440-020-0007.377,ไม่มีหมายเลข,30 ส.ค. 30,1,ใช้ได้,ฝากเก็บ กทผ.6,โต๊ะ,ไม่สามารถระบุได้
41,โต๊ะทำงาน ระดับ 1-2,7110-003-8-0730,ไม่มีหมายเลข,5 ก.พ. 29,1,ใช้ได้,สนง. สาขาปากเกร็ด ยืม นบ.0020.7/2251,โต๊ะ,ห้องธุรการ
42,โต๊ะทำงาน ระดับ 1-2,ต.12/28/130,ไม่มีหมายเลข,5 ก.พ. 29,1,ใช้ได้,ห้องพี่ย๊ะ,โต๊ะ,ห้องปฏิบัติการ 1
43,โต๊ะทำงาน ระดับ 1-2,7110-007-2-079,ไม่มีหมายเลข,20 ส.ค. 30,1,ใช้ได้,ปีใหม่,โต๊ะ,ห้องปฏิบัติการ 1
44,โต๊ะทำงาน ระดับ 1-2,7110-013-1-370,ไม่มีหมายเลข,20 ส.ค. 30,1,ใช้ได้,ห้องพี่วอ,โต๊ะ,ไม่สามารถระบุได้
45,โต๊ะทำงาน ระดับ 1-2,7110-013-1-352,ไม่มีหมายเลข,20 ส.ค. 30,1,ใช้ได้,สนง.สาขาปากเกร็ด ยืม นบ.0020.7/2251,โต๊ะ,ไม่สามารถระบุได้
46,โต๊ะทำงาน ระดับ 1-2,7110-007-2-315,ไม่มีหมายเลข,20 ส.ค. 30,1,ใช้ได้,ห้องเก็บของด้านล่าง,โต๊ะ,ห้องเก็บของ
47,โต๊ะทำงาน ระดับ 1-2,7110-006-17226,ไม่มีหมายเลข,20 ส.ค. 30,1,ใช้ได้,สนง.สาขาปากเกร็ด ยืม นบ.0020.7/2251,โต๊ะ,ไม่สามารถระบุได้
48,โต๊ะทำงาน ระดับ 1-2,7440-006-12606,110000 004056 0,20 ส.ค. 30,1,ใช้ได้,สนง.สาขาปากเกร็ด ยืม นบ.0020.7/2251,โต๊ะ,ห้องเจนพิธีกร
49,โต๊ะทำงาน ระดับ 1-2,7440-020-0007.427,ไม่มีหมายเลข,31 ก.ค. 30,1,ใช้ได้,รับมาจาก สทส. (ด้านหน้าโบ้) ที่ มท 0512.5/2384,โต๊ะ,ห้องเจนพิธีกร
50,โต๊ะทำงาน ระดับ 1-2,7110-007-2-034,ไม่มีหมายเลข,30 ส.ค. 30,1,ใช้ได้,ห้องปฏิบัติการ 3,โต๊ะ,ห้องปฏิบัติการ 3
51,โต๊ะพิมพ์ดีด,7440-013-6816.1/2554,ไม่มีหมายเลข,ก.ย. 31,1,ใช้ได้,หน้าห้องหน.เชา,โต๊ะ,โถงห้องทำงานข้าราชการ
52,ตู้เหล็กเก็บเอกสาร,7440-013-6816/2554,ไม่มีหมายเลข,พ.ย. 30,1,ใช้ได้,ห้องพี่อุ๊,ตู้,โถงห้องทำงานข้าราชการ
53,ตู้เหล็กเก็บเอกสาร,7110-013-1-351,ไม่มีหมายเลข,พ.ย. 30,1,ใช้ได้,ห้องครัว,ตู้,ห้องครัว
54,ตู้เหล็กเก็บเอกสาร,7440-013-6817/2554,ไม่มีหมายเลข,พ.ย. 30,1,ใช้ได้,ด้านใน,ตู้,โถงห้องทำงานข้าราชการ
55,ตู้เหล็กเก็บเอกสาร,7110-013-1-354,ไม่มีหมายเลข,พ.ย. 30,1,ใช้ได้,ห้องเก็บของพี่ย๊ะ,ตู้,ห้องเก็บของมารีย๊ะ
56,ตู้เหล็กเก็บเอกสาร,7440-020-0001.10,ไม่มีหมายเลข,พ.ย. 30,1,ใช้ได้,ห้องเก็บวัสดุสำนักงาน,ตู้,ไม่สามารถระบุได้
57,ตู้เหล็กเก็บเอกสาร,7110-013-1-357,ไม่มีหมายเลข,พ.ย. 30,1,ใช้ได้,ห้องเก็บของมารีย๊ะด้านใน,ตู้,ห้องเก็บของมารีย๊ะ
58,ตู้เหล็กเก็บเอกสาร,7110-013-1-359,ไม่มีหมายเลข,พ.ย. 30,1,ใช้ได้,ห้องเก็บของพี่ย๊ะ,ตู้,ห้องเก็บของมารีย๊ะ
59,ตู้เหล็กเก็บเอกสาร,7400-013-3062,ไม่มีหมายเลข,พ.ย. 30,1,ใช้ได้,ห้องเก็บวัสดุ,ตู้,ไม่สามารถระบุได้
60,ตู้เหล็กเก็บเอกสาร,7110-013-1-362,ไม่มีหมายเลข,พ.ย. 30,1,ใช้ได้,ห้องเก็บของมารีย๊ะ,ตู้,ห้องเก็บของมารีย๊ะ
61,ตู้เหล็กเก็บเอกสาร,7440-013-2-9824,110000 004035 0,พ.ย. 30,1,ใช้ได้,หน้าห้องน้ำ,ตู้,ไม่สามารถระบุได้
62,ตู้เหล็กเก็บเอกสาร,7110-013-1-365,ไม่มีหมายเลข,พ.ย. 30,1,ใช้ได้,ห้องเก็บของพี่ย๊ะ,ตู้,ห้องเก็บของมารีย๊ะ
63,ตู้เหล็กเก็บเอกสาร,7110-013-1-366,ไม่มีหมายเลข,พ.ย. 30,1,ใช้ได้,ห้องเก็บของมารีย๊ะด้านใน,ตู้,ห้องเก็บของมารีย๊ะ
64,ตู้เหล็กเก็บเอกสาร,7440-013-2-9825,110000 004036 0,พ.ย. 30,1,ใช้ได้,ข้างเครื่องถ่ายเอกสาร,ตู้,ไม่สามารถระบุได้
65,ตู้เหล็กเก็บเอกสาร,7110-013-1-371,ไม่มีหมายเลข,พ.ย. 30,1,ใช้ได้,ห้องเก็บของพี่ย๊ะ,ตู้,ห้องเก็บของมารีย๊ะ
66,ตู้เหล็กเก็บเอกสาร,7110-013-1-600,ไม่มีหมายเลข,ม.ค. 32,1,ใช้ได้,ห้องครัว,ตู้,ห้องครัว
67,ตู้เหล็กเก็บเอกสาร,7110-013-1-601,ไม่มีหมายเลข,ม.ค. 32,1,ใช้ได้,ห้องเก็บของพี่ย๊ะ,ตู้,ห้องเก็บของมารีย๊ะ
68,ตู้เหล็กเก็บเอกสาร,7110-013-1-602,ไม่มีหมายเลข,ม.ค. 32,1,ใช้ได้,ห้องครัว,ตู้,ห้องครัว
69,ตู้เหล็กเก็บเอกสาร,7110-013-1-603,ไม่มีหมายเลข,ม.ค. 32,1,ใช้ได้,หลังพี่พล,ตู้,โถงห้องทำงานข้าราชการ
70,ตู้เหล็กเก็บเอกสาร,7110-013-1-604,ไม่มีหมายเลข,ม.ค. 32,1,ใช้ได้,ห้องเก็บของพี่ย๊ะ,ตู้,ห้องเก็บของมารีย๊ะ
71,ตู้เหล็กเก็บเอกสาร,7110-013-1-605,ไม่มีหมายเลข,ม.ค. 32,1,ใช้ได้,ห้องเก็บของพี่ย๊ะ,ตู้,ห้องเก็บของมารีย๊ะ
72,ตู้เหล็กเก็บเอกสาร,7440-013-2-9828,110000 004039 0,ม.ค. 32,1,ใช้ได้,ห้องเก็บวัสดุสำนักงาน,ตู้,ไม่สามารถระบุได้
73,ตู้เหล็กเก็บเอกสาร,7440-013-2-9829,110000 004040 0,ม.ค. 32,1,ใช้ได้,ห้องพี่อุ๊,ตู้,ไม่สามารถระบุได้
74,ตู้เหล็กเก็บเอกสาร,7440-013-2-9830,110000 004041 0,ม.ค. 32,1,ใช้ได้,ห้องพี่อุ๊,ตู้,ไม่สามารถระบุได้
75,ตู้เหล็กเก็บเอกสาร,7110-013-1-609,ไม่มีหมายเลข,ม.ค. 32,1,ใช้ได้,ห้องเก็บของพี่ย๊ะ,ตู้,ห้องเก็บของมารีย๊ะ
76,ตู้เหล็กเก็บเอกสาร,7440-013-2-9843,110000 004054 0,ม.ค. 32,1,ใช้ได้,ห้องเก็บวัสดุสำนักงาน,ตู้,ไม่สามารถระบุได้
77,ตู้เหล็กเก็บเอกสาร,7110-013-1-611,ไม่มีหมายเลข,ม.ค. 32,1,ใช้ได้,ห้องเก็บของพี่ย๊ะ,ตู้,ห้องเก็บของมารีย๊ะ
78,ตู้เหล็กเก็บเอกสาร,7440-013-2-9844,110000 004055 0,ม.ค. 32,1,ใช้ได้,หลังพี่แอ้,ตู้,ไม่สามารถระบุได้
79,ตู้เหล็กเก็บเอกสาร,7110-013-1-613,ไม่มีหมายเลข,ม.ค. 32,1,ใช้ได้,หลังพี่นิวัฒน์,ตู้,โถงห้องทำงานข้าราชการ
80,ตู้เหล็กเก็บเอกสาร,7110-013-1-615,ไม่มีหมายเลข,ม.ค. 32,1,ใช้ได้,ห้องเก็บของพี่ย๊ะ,ตู้,ห้องเก็บของมารีย๊ะ
81,ตู้เหล็กเก็บเอกสาร,7110-013-1-617,ไม่มีหมายเลข,ม.ค. 32,1,ใช้ได้,ห้องเก็บของพี่ย๊ะ,ตู้,ห้องเก็บของมารีย๊ะ
82,ตู้เหล็กเก็บเอกสาร,7110-013-1-618,ไม่มีหมายเลข,ม.ค. 32,1,ใช้ได้,หน้าห้องน้ำชาย,ตู้,หน้าห้องน้ำ
83,ตู้เหล็กเก็บเอกสาร,7110-013-1-619,ไม่มีหมายเลข,ม.ค. 32,1,ใช้ได้,ข้างหลังพี่พล,ตู้,โถงห้องทำงานข้าราชการ
84,ตู้เหล็กเก็บเอกสาร,7110-013-1-620,ไม่มีหมายเลข,ม.ค. 32,1,ใช้ได้,หน้าห้องเก็บของมารีย๊ะด้านใน,ตู้,ห้องเก็บของมารีย๊ะ
85,ตู้เหล็กเก็บเอกสาร,7110-013-1-621,ไม่มีหมายเลข,ม.ค. 32,1,ใช้ได้,ห้องเก็บของพี่ย๊ะ,ตู้,ห้องเก็บของมารีย๊ะ
86,ตู้เหล็กเก็บเอกสาร,7110-013-1-622,ไม่มีหมายเลข,ม.ค. 32,1,ใช้ได้,ห้องเก็บของพี่ย๊ะด้านใน,ตู้,ห้องเก็บของมารีย๊ะ
87,ตู้เหล็กเก็บเอกสาร,7110-013-1-623,ไม่มีหมายเลข,ม.ค. 32,1,ใช้ได้,ห้องเก็บของพี่ย๊ะด้านใน,ตู้,ห้องเก็บของมารีย๊ะ
88,ตู้เหล็กเก็บเอกสาร,7110-013-1-625,ไม่มีหมายเลข,ม.ค. 32,1,ใช้ได้,ห้องเก็บของพี่ย๊ะด้านใน,ตู้,ห้องเก็บของมารีย๊ะ
89,ตู้เหล็กเก็บเอกสาร,7110-013-1-626,ไม่มีหมายเลข,ม.ค. 32,1,ใช้ได้,ห้องเก็บของพี่ย๊ะ,ตู้,ห้องเก็บของมารีย๊ะ
90,ตู้เหล็กเก็บเอกสาร,7110-013-1-3767,ไม่มีหมายเลข,พ.ค. 47,1,ใช้ได้,ห้องเก็บของพี่ย๊ะ,ตู้,ห้องเก็บของมารีย๊ะ
91,ตู้เหล็กเก็บเอกสาร,7110-013-1-3768,ไม่มีหมายเลข,พ.ค. 47,1,ใช้ได้,ห้องเก็บของพี่ย๊ะด้านใน,ตู้,ห้องเก็บของมารีย๊ะ
92,ตู้เหล็กเก็บเอกสาร,7110-013-1-3769,ไม่มีหมายเลข,พ.ค. 47,1,ใช้ได้,ห้องเก็บของพี่ย๊ะด้านใน,ตู้,ห้องเก็บของมารีย๊ะ
93,ตู้เหล็กเก็บเอกสาร,7110-013-1-350,ไม่มีหมายเลข,ม.ค. 32,1,ใช้ได้,ห้องครัว,ตู้,ห้องครัว
94,ตู้เหล็กเก็บเอกสาร,7110-013-1-360,ไม่มีหมายเลข,ม.ค. 33,1,ใช้ได้,หลังนิวัฒน์,ตู้,โถงห้องทำงานข้าราชการ
95,ตู้เหล็กเก็บเอกสาร,7110-013-1-3771,ไม่มีหมายเลข,พ.ค. 47,1,ใช้ได้,ห้องเก็บของพี่ย๊ะด้านใน,ตู้,ห้องเก็บของมารีย๊ะ
96,ตู้เหล็กเก็บเอกสาร แบบ 4 ลิ้นชัก,7110-002-3-123,ไม่มีหมายเลข,พ.ย. 30,1,ใช้ได้,ห้องจัดเก็บครุภัณฑ์,ตู้,ห้องจัดเก็บครุภัณฑ์
97,ตู้เหล็กเก็บเอกสาร แบบ 4 ลิ้นชัก,7440-006-12581,110000 004031 0,พ.ย. 30,1,ใช้ได้,ห้องหัวหน้าเชาว์,ตู้,ไม่สามารถระบุได้
98,ตู้เหล็กเก็บเอกสาร แบบ 4 ลิ้นชัก,7440-006-12585,110000 004035 0,พ.ย. 30,1,ใช้ได้,ห้องหัวหน้าเชา,ตู้,ไม่สามารถระบุได้
99,ตู้เหล็กเก็บเอกสาร แบบ 4 ลิ้นชัก,7440-006-12586,110000 004036 0,พ.ย. 30,1,ใช้ได้,ห้องพี่อุ๊,ตู้,ไม่สามารถระบุได้
100,ตู้เหล็กเก็บเอกสาร แบบ 4 ลิ้นชัก,7110-002-3-306,ไม่มีหมายเลข,พ.ค. 33,1,ใช้ได้,ห้องจัดเก็บครุภัณฑ์,ตู้,ห้องจัดเก็บครุภัณฑ์
101,ตู้เหล็กเก็บเอกสาร แบบ 4 ลิ้นชัก,7110-002-3-308,ไม่มีหมายเลข,พ.ค. 33,1,ใช้ได้,พี่พงศ์,ตู้,โถงห้องทำงานข้าราชการ
102,ตู้เหล็กเก็บเอกสาร แบบ 4 ลิ้นชัก,7110-002-3-421,ไม่มีหมายเลข,พ.ย. 33,1,ใช้ได้,ห้อง ผอ.,ตู้,ห้อง ผอ.ส่วน
103,ตู้เหล็กเก็บเอกสาร แบบ 4 ลิ้นชัก,7440-006-12589,110000 004039 0,พ.ย. 33,1,ใช้ได้,ประนอม,ตู้,ไม่สามารถระบุได้
104,ตู้เหล็กเก็บเอกสาร แบบ 4 ลิ้นชัก,7440-006-12590,110000 004040 0,พ.ย. 33,1,ใช้ได้,หน้าลิฟท์,ตู้,ไม่สามารถระบุได้
105,ตู้เหล็กเก็บเอกสาร แบบ 4 ลิ้นชัก,7440-006-12591,110000 004041 0,พ.ย. 33,1,ใช้ได้,ห้องหัวหน้าอนุมัติ,ตู้,ไม่สามารถระบุได้
106,ตู้เหล็กเก็บเอกสาร แบบ 4 ลิ้นชัก,7110-002-3-427,ไม่มีหมายเลข,พ.ย. 33,1,ใช้ได้,ห้องเจนพิธีกร,ตู้,ห้องเจนพิธีกร
107,ตู้เหล็กเก็บเอกสาร แบบ 4 ลิ้นชัก,7110-002-3-950,ไม่มีหมายเลข,พ.ค. 37,1,ใช้ได้,ห้องจัดเก็บครุภัณฑ์,ตู้,ห้องจัดเก็บครุภัณฑ์
108,ตู้เหล็กเก็บเอกสาร แบบ 4 ลิ้นชัก,7440-006-12604,110000 004054 0,พ.ค. 37,1,ใช้ได้,หัวหน้าโจ,ตู้,ไม่สามารถระบุได้
109,ตู้เหล็กเก็บเอกสาร แบบ 4 ลิ้นชัก,7440-006-12605,110000 004055 0,19 ธ.ค.49,1,ใช้ได้,ห้องพี่อุ๊,ตู้,ไม่สามารถระบุได้
110,ตู้เก็บแผนที่ 5 ลิ้นชัก,7440-020-0007.430,ไม่มีหมายเลข,16 ก.ย. 31,1,ใช้ได้,สทผ.3 ยืมที่ มท 0512.3/257  ลว 12 มิ.ย. 49,ตู้,ไม่สามารถระบุได้
111,ตู้เก็บแผนที่ 5 ลิ้นชัก,7110-007-3-091,ไม่มีหมายเลข,16 ก.ย. 31,1,ใช้ได้,สทผ.3 ยืมที่ มท 0512.3/257 ลว 12 มิ.ย. 49,ตู้,ไม่สามารถระบุได้
112,ตู้เก็บแผนที่ 5 ลิ้นชัก,7440-013-6809/2554,ไม่มีหมายเลข,16 ก.ย. 31,1,ใช้ได้,สทผ.3 ยืมที่ มท 0512.3/257  ลว 12 มิ.ย. 49,ตู้,ไม่สามารถระบุได้
113,ตู้เก็บแผนที่ 5 ลิ้นชัก,7400-013-3088,ไม่มีหมายเลข,16 ก.ย. 31,1,ใช้ได้,สทผ.3 ยืมที่ มท 0512.3/257 ลว 12 มิ.ย. 49,ตู้,ไม่สามารถระบุได้
114,ตู้เก็บแผนที่ 5 ลิ้นชัก,7440-020-0001.40.1,ไม่มีหมายเลข,16 ก.ย. 31,1,ใช้ได้,สทผ.3 ยืมที่ มท 0512.3/257  ลว 12 มิ.ย. 49,ตู้,ไม่สามารถระบุได้
115,ตู้เก็บแผนที่ชนิด 2 บาน แบบแขวน,7440-020-0007.48,ไม่มีหมายเลข,8 ก.พ. 31,1,ใช้ได้,ห้องระวาง,ตู้,ไม่สามารถระบุได้
116,ตู้เก็บแผนที่ชนิด 2 บาน แบบแขวน,7440-013-6807/2554,ไม่มีหมายเลข,8 ก.พ. 31,1,ใช้ได้,ห้องระวาง,ตู้,ไม่สามารถระบุได้
117,ตู้เก็บแผนที่ชนิด 2 บาน แบบแขวน,7440-013-6814/2554,ไม่มีหมายเลข,8 ก.พ. 31,1,ใช้ได้,ห้องระวาง,ตู้,ไม่สามารถระบุได้
118,ตู้เก็บแผนที่ชนิด 2 บาน แบบแขวน,7440-020-0001.41.1,ไม่มีหมายเลข,8 ก.พ. 31,1,ใช้ได้,ห้องระวาง,ตู้,ไม่สามารถระบุได้
119,ตู้เก็บแผนที่ชนิด 2 บาน แบบแขวน,7110-007-15-2632,ไม่มีหมายเลข,-,1,ใช้ได้,ห้องระวาง,ตู้,ทางเดิน
120,ตู้เก็บแผนที่ชนิด 2 บาน แบบแขวน,7110-007-15-2635,ไม่มีหมายเลข,-,1,ใช้ได้,ห้องระวาง,ตู้,ทางเดิน
121,ตู้เก็บแผนที่ชนิด 2 บาน แบบแขวน,7110-007-15-2637,ไม่มีหมายเลข,-,1,ใช้ได้,ห้องระวาง,ตู้,ทางเดิน
122,ตู้เก็บแผนที่ชนิด 2 บาน แบบแขวน,7110-002-3-423,ไม่มีหมายเลข,-,1,ใช้ได้,ห้องระวาง,ตู้,ไม่สามารถระบุได้
123,เครื่องปรับอากาศ,4120-001-8520,ไม่มีหมายเลข,มี.ค. 40,1,ใช้ได้,ห้องผอ.,เครื่องปรับอากาศ,ห้อง ผอ.ส่วน
124,เครื่องปรับอากาศ,7110-006-17207,ไม่มีหมายเลข,มี.ค. 40,1,ใช้ได้,ห้องหัวหน้าอนุมัติ,เครื่องปรับอากาศ,ไม่สามารถระบุได้
125,เครื่องปรับอากาศ,7110-007-3586,ไม่มีหมายเลข,มี.ค. 40,1,ใช้ได้,ห้องหัวหน้าเชาว์,เครื่องปรับอากาศ,ไม่สามารถระบุได้
126,เครื่องปรับอากาศ,4120-001-8523,ไม่มีหมายเลข,มี.ค. 40,1,ใช้ได้,ห้องเจนพิธีกร,เครื่องปรับอากาศ,ห้องเจนพิธีกร
127,เครื่องปรับอากาศ,4120-001-8524,ไม่มีหมายเลข,มี.ค. 40,1,ใช้ได้,หลังนิวัฒน์,เครื่องปรับอากาศ,โถงห้องทำงานข้าราชการ
128,เครื่องปรับอากาศ,4120-001-8525,ไม่มีหมายเลข,มี.ค. 40,1,ใช้ได้,พล,เครื่องปรับอากาศ,โถงห้องทำงานข้าราชการ
129,เครื่องปรับอากาศ,4120-001-8526,ไม่มีหมายเลข,มี.ค. 40,1,ใช้ได้,ห้องประชุม,เครื่องปรับอากาศ,ห้องประชุม
130,เครื่องปรับอากาศ,4120-001-8527,ไม่มีหมายเลข,มี.ค. 40,1,ใช้ได้,ห้องประชุม,เครื่องปรับอากาศ,ห้องประชุม
131,เครื่องปรับอากาศ,4120-001-8559,ไม่มีหมายเลข,มี.ค. 40,1,ใช้ได้,แอ้,เครื่องปรับอากาศ,โถงห้องทำงานข้าราชการ
132,เครื่องปรับอากาศ,4120-001-8560,ไม่มีหมายเลข,มี.ค. 40,1,ใช้ได้,ประนอม,เครื่องปรับอากาศ,โถงห้องทำงานข้าราชการ
133,เครื่องปรับอากาศ,4120-002-2-2041,ไม่มีหมายเลข,10 ก.ย. 50,1,ใช้ได้,ห้องปฏิบัติการ 2,เครื่องปรับอากาศ,ห้องปฏิบัติการ 2
134,เครื่องปรับอากาศ,4120-001-2-2044,ไม่มีหมายเลข,10 ก.ย. 50,1,ใช้ได้,ห้องจัดเก็บครุภัณฑ์,เครื่องปรับอากาศ,ห้องจัดเก็บครุภัณฑ์
135,เครื่องปรับอากาศ,7110-007-6-433,ไม่มีหมายเลข,ก.พ. 53,1,ใช้ได้,รับบริจาคจากบริษัทอัลทิเมท โพซิซั่นนิ่ง จำกัด (ห้องปฏิบัติการ 2),เครื่องปรับอากาศ,ไม่สามารถระบุได้
136,เครื่องปรับอากาศ,7110-007-6-473,ไม่มีหมายเลข,ส.ค. 53,1,ใช้ได้,พี่อุ๊,เครื่องปรับอากาศ,ไม่สามารถระบุได้
137,เครื่องปรับอากาศ,7110-007-6-438,ไม่มีหมายเลข,ส.ค. 53,1,ใช้ได้,พี่หน่อย,เครื่องปรับอากาศ,ไม่สามารถระบุได้
138,เครื่องปรับอากาศ,4120-001-2-1771,ไม่มีหมายเลข,ส.ค. 5๓,1,ใช้ได้,พี่เอกสิทธ์,เครื่องปรับอากาศ,โถงห้องทำงานข้าราชการ
139,เครื่องปรับอากาศ,4210-001-2-3377/2554,ไม่มีหมายเลข,ส.ค. 53,1,ใช้ได้,ห้องปฏิบัติการ 2,เครื่องปรับอากาศ,ห้องปฏิบัติการ 2
140,เครื่องปรับอากาศ,4120-001-2-2045/2550,ไม่มีหมายเลข,พ.ค. 55,1,ใช้ได้,ห้องปฏิบัติการ 3,เครื่องปรับอากาศ,ห้องปฏิบัติการ 3
141,เครื่องปรับอากาศ,4120-001-2-2049/2550,ไม่มีหมายเลข,พ.ค. 55,1,ใช้ได้,ห้องปฏิบัติการ 3,เครื่องปรับอากาศ,ห้องปฏิบัติการ 3
142,เครื่องปรับอากาศ,7110-006-17196,ไม่มีหมายเลข,พ.ค. 55,1,ใช้ได้,พี่ย๊ะ,เครื่องปรับอากาศ,ไม่สามารถระบุได้
143,เครื่องปรับอากาศ,4120-001-2-3389/2550,ไม่มีหมายเลข,พ.ค. 55,1,ใช้ได้,ห้องจัดเก็บครุภัณฑ์,เครื่องปรับอากาศ,ห้องจัดเก็บครุภัณฑ์
144,เครื่องตัดกระดาษ,7110-006-17208,ไม่มีหมายเลข,ต.ค. 33,1,ใช้ได้,ห้องเก็บวัสดุสำนักงาน,เครื่องตัดกระดาษ,โถงห้องทำงานข้าราชการ
145,เทปวัดระยะ,7440-013-6811/2554,ไม่มีหมายเลข,มี.ค. 37,1,ใช้ได้,สนง.จ.สระแก้ว ขอยืมตามหนังสือที่  สก 0022.1/5091ลว. 4 เม.ย. 46,เทปวัดระยะ,โถงห้องทำงานข้าราชการ
146,เทปวัดระยะ,ต.8/28/182,ไม่มีหมายเลข,มี.ค. 37,1,ใช้ได้,สนง.จ.สระแก้ว ขอยืมตามหนังสือที่  สก 0022.1/5091ลว. 4 เม.ย. 46,เทปวัดระยะ,ไม่สามารถระบุได้
147,เครื่องโทรศัพท์,7110-006-17184,ไม่มีหมายเลข,ก.พ. 43,1,ใช้ได้,หลังญาญ่า,เครื่องโทรศัพท์,ไม่สามารถระบุได้
148,เครื่องโทรศัพท์,5804-001-0498,ไม่มีหมายเลข,ก.พ. 43,1,ใช้ได้,ห้องผอ.,เครื่องโทรศัพท์,ห้อง ผอ.ส่วน
149,เครื่องโทรศัพท์,5804-001-0522,ไม่มีหมายเลข,ก.พ. 43,1,ใช้ได้,ห้องผอ.,เครื่องโทรศัพท์,ห้อง ผอ.ส่วน
150,พัดลมดูดอากาศ Panasonic,4140-002-0303,ไม่มีหมายเลข,17 เม.ย. 55,1,ใช้ได้,ห้องประชุม,พัดลม,ห้องประชุม
151,พัดลมเพดาน  แบบโคจร ,ไม่มีหมายเลข,ไม่มีหมายเลข,พ.ค. 55,27,ใช้ได้,-,พัดลม,ไม่สามารถระบุได้
152,เก้าอี้สำหรับที่ประชุม,4120-001-2-2042/2550,ไม่มีหมายเลข,27 ก.ย. 49,1,ใช้ได้,หน้าห้องประชุม,เก้าอี้,ห้องปฏิบัติการ 1
153,โต๊ะคอมพิวเตอร์,7110-006-17229,ไม่มีหมายเลข,27 ก.ย. 49,1,ใช้ได้,พี่หน่อย,โต๊ะ,ห้องปฏิบัติการ 1
154,โต๊ะคอมพิวเตอร์,7110-006-17233,ไม่มีหมายเลข,27 ก.ย. 49,1,ใช้ได้,ห้องกลาง,โต๊ะ,ห้องปฏิบัติการ 1
155,เก้าอี้นวมมีพนัก(ระดับ 3-5),7110-006-17175,ไม่มีหมายเลข,27 ก.ย. 49,1,ใช้ได้,ห้องปฏิบัติการ 2 (ดิว),เก้าอี้,ห้องปฏิบัติการ 2
156,เก้าอี้นวมมีพนัก(ระดับ 3-5),7110-006-17176,ไม่มีหมายเลข,27 ก.ย. 49,1,ใช้ได้,สมชาย,เก้าอี้,โถงห้องทำงานข้าราชการ
157,เก้าอี้นวมมีพนัก(ระดับ 3-5),7110-006-17177,ไม่มีหมายเลข,27 ก.ย. 49,1,ใช้ได้,สายัณห์,เก้าอี้,โถงห้องทำงานข้าราชการ
158,เก้าอี้นวมมีพนัก(ระดับ 3-5),7110-006-17178,ไม่มีหมายเลข,27 ก.ย. 49,1,ใช้ได้,ห้องปฏิบัติการ 2 (น้ำ),เก้าอี้,ห้องปฏิบัติการ 2
159,เก้าอี้นวมมีพนัก(ระดับ 3-5),7110-006-17179,ไม่มีหมายเลข,27 ก.ย. 49,1,ใช้ได้,เอกสิทธิ์,เก้าอี้,โถงห้องทำงานข้าราชการ
160,เก้าอี้นวมมีพนัก(ระดับ 3-5),7110-006-17180,ไม่มีหมายเลข,27 ก.ย. 49,1,ใช้ได้,พี่พล,เก้าอี้,โถงห้องทำงานข้าราชการ
161,เก้าอี้นวมมีพนัก(ระดับ 3-5),7110-006-17181,ไม่มีหมายเลข,27 ก.ย. 49,1,ใช้ได้,โบ้,เก้าอี้,โถงห้องทำงานข้าราชการ
162,เก้าอี้นวมมีพนัก(ระดับ 3-5),7110-006-172453,ไม่มีหมายเลข,27 ก.ย. 49,1,ใช้ได้,หัวหน้าโจ,เก้าอี้,ห้องปฏิบัติการ 1
163,เก้าอี้นวมมีพนัก(ระดับ 3-5),7110-006-17183,ไม่มีหมายเลข,27 ก.ย. 49,1,ใช้ได้,พี่เขี้ยว,เก้าอี้,โถงห้องทำงานข้าราชการ
164,เก้าอี้นวมมีพนัก(ระดับ 3-5),7110-006-18313,ไม่มีหมายเลข,27 ก.ย. 49,1,ใช้ได้,พี่มาย,เก้าอี้,ห้องปฏิบัติการ 1
165,เก้าอี้นวมมีพนัก(ระดับ 3-5),7110-006-17185,ไม่มีหมายเลข,27 ก.ย. 49,1,ใช้ได้,ห้องปฏิบัติการ 2 (ขวัญ),เก้าอี้,ห้องปฏิบัติการ 2
166,เก้าอี้นวมมีพนัก(ระดับ 3-5),7110-006-17186,ไม่มีหมายเลข,27 ก.ย. 49,1,ใช้ได้,พี่จึง,เก้าอี้,โถงห้องทำงานข้าราชการ
167,เก้าอี้นวมมีพนัก(ระดับ 3-5),7110-006-17187,ไม่มีหมายเลข,27 ก.ย. 49,1,ใช้ได้,พี่เอี้ยง,เก้าอี้,โถงห้องทำงานข้าราชการ
168,เก้าอี้นวมมีพนัก(ระดับ 3-5),7110-006-17188,ไม่มีหมายเลข,27 ก.ย. 49,1,ใช้ได้,ห้องจัดเก็บครุภัณฑ์,เก้าอี้,ห้องจัดเก็บครุภัณฑ์
169,เก้าอี้นวมมีพนัก(ระดับ 3-5),7110-006-17189,ไม่มีหมายเลข,27 ก.ย. 49,1,ใช้ได้,พี่นิวัฒน์,เก้าอี้,โถงห้องทำงานข้าราชการ
170,เก้าอี้นวมมีพนัก(ระดับ 3-5),7110-006-17190,ไม่มีหมายเลข,27 ก.ย. 49,1,ใช้ได้,ห้องจัดเก็บครุภัณฑ์คอมพิวเตอร์,เก้าอี้,ห้องจัดเก็บครุภัณฑ์คอมพิวเตอร์
171,เก้าอี้นวมมีพนัก(ระดับ 3-5),7110-006-17191,ไม่มีหมายเลข,27 ก.ย. 49,1,ใช้ได้,ห้องปฏิบัติการ 3,เก้าอี้,ห้องปฏิบัติการ 3
172,เก้าอี้นวมมีพนัก(ระดับ 3-5),7110-006-17192,ไม่มีหมายเลข,27 ก.ย. 49,1,ใช้ได้,ห้องปฏิบัติการ 2 (ตึก),เก้าอี้,ห้องปฏิบัติการ 2
173,เก้าอี้นวมมีพนัก(ระดับ 3-5),4120-001-2-1770,ไม่มีหมายเลข,27 ก.ย. 49,1,ใช้ได้,หน้าลิฟท์ด้านหลัง (ชำรุด),เก้าอี้,ห้องธุรการ
174,เก้าอี้นวมมีพนัก(ระดับ 3-5),7110-006-17194,ไม่มีหมายเลข,27 ก.ย. 49,1,ใช้ได้,ห้องปฏิบัติการ 2 (เป้),เก้าอี้,ห้องปฏิบัติการ 2
175,เก้าอี้นวมมีพนัก(ระดับ 3-5),7440-013-3086.1,ไม่มีหมายเลข,27 ก.ย. 49,1,ใช้ได้,พี่หน่อย,เก้าอี้,ห้องธุรการ
176,เก้าอี้นวมมีพนัก(ระดับ 3-5),7110-006-17195,ไม่มีหมายเลข,27 ก.ย. 49,1,ใช้ได้,พี่จอม,เก้าอี้,ห้องธุรการ
177,เก้าอี้นวมมีพนัก(ระดับ 3-5),5815-001-2120,ไม่มีหมายเลข,27 ก.ย. 49,1,ใช้ได้,ห้องcom 105,เก้าอี้,ห้องธุรการ
178,เก้าอี้นวมมีพนัก(ระดับ 3-5),7110-006-17198,ไม่มีหมายเลข,27 ก.ย. 49,1,ใช้ได้,จิตรานุช,เก้าอี้,ห้องปฏิบัติการ 1
179,เก้าอี้นวมมีพนัก(ระดับ 3-5),7110-006-17199,ไม่มีหมายเลข,27 ก.ย. 49,1,ใช้ได้,พี่หน่อย,เก้าอี้,ห้องธุรการ
180,เก้าอี้นวมมีพนัก(ระดับ 3-5),7110-006-17200,ไม่มีหมายเลข,27 ก.ย. 49,1,ใช้ได้,แอ๊ว,เก้าอี้,ห้องปฏิบัติการ 1
181,เก้าอี้นวมมีพนัก(ระดับ 3-5),7110-006-17201,ไม่มีหมายเลข,27 ก.ย. 49,1,ใช้ได้,ธวัชชัย,เก้าอี้,โถงห้องทำงานข้าราชการ
182,เก้าอี้นวมมีพนัก(ระดับ 3-5),7110-006-17202,ไม่มีหมายเลข,27 ก.ย. 49,1,ใช้ได้,แท๊บ,เก้าอี้,โถงห้องทำงานข้าราชการ
183,เก้าอี้นวมมีพนัก(ระดับ 3-5),71110-007-4-017,ไม่มีหมายเลข,27 ก.ย. 49,1,ใช้ได้,หน้าห้องพี่ย๊ะ,เก้าอี้,ไม่สามารถระบุได้
184,เก้าอี้นวมมีพนัก(ระดับ 3-5),7110-006-17204,ไม่มีหมายเลข,27 ก.ย. 49,1,ใช้ได้,พี่เป้,เก้าอี้,ห้องปฏิบัติการ 2
185,เก้าอี้นวมมีพนัก(ระดับ 3-5),7110-006-46603,ไม่มีหมายเลข,1 ต.ค. 61,1,ใช้ได้,แอฟ,เก้าอี้,ห้องปฏิบัติการ 1
186,เก้าอี้นวมมีพนัก(ระดับ 3-5),7110-006-46604,ไม่มีหมายเลข,1 ต.ค. 61,1,ใช้ได้,กีก,เก้าอี้,ห้องธุรการ
187,เก้าอี้ (ระดับ 7-8),4120-001-2-1769,ไม่มีหมายเลข,27 ก.ย. 49,1,ใช้ได้,หัวหน้าโจ,เก้าอี้,ไม่สามารถระบุได้
188,เก้าอี้ (ระดับ 7-8),7110-007-3-095,ไม่มีหมายเลข,27 ก.ย. 49,1,ใช้ได้,หัวหน้าเชา,เก้าอี้,ไม่สามารถระบุได้
189,เก้าอี้ (ระดับ 7-8),4120-001-0-2961,ไม่มีหมายเลข,27 ก.ย. 49,1,ใช้ได้,ปีน,เก้าอี้,ไม่สามารถระบุได้
190,เก้าอี้ (ระดับ 7-8),7440-013-7489,ไม่มีหมายเลข,27 ก.ย. 49,1,ใช้ได้,พี่เป็ด,เก้าอี้,ไม่สามารถระบุได้
191,เก้าอี้หมุนพนักพิง,7110-006-17210,ไม่มีหมายเลข,27 ก.ย. 49,1,ใช้ได้,ห้องจัดเก็บครุภัณฑ์,เก้าอี้,ห้องจัดเก็บครุภัณฑ์
192,เก้าอี้หมุนพนักพิง,7110-006-17211,ไม่มีหมายเลข,27 ก.ย. 49,1,ใช้ได้,ห้องปฏิบัติการ 2 ,เก้าอี้,ห้องปฏิบัติการ 2
193,เก้าอี้หมุนพนักพิง,7110-006-17213,ไม่มีหมายเลข,27 ก.ย. 49,1,ใช้ได้,ห้องปฏิบัติการ 3 (เต้อ),เก้าอี้,ห้องปฏิบัติการ 3
194,เก้าอี้หมุนพนักพิง,7110-006-17215,ไม่มีหมายเลข,27 ก.ย. 49,1,ใช้ได้,ห้องเก็บของ,เก้าอี้,ห้องเก็บของ
195,เก้าอี้หมุนพนักพิง,7440-020-0002.59,ไม่มีหมายเลข,27 ก.ย. 49,1,ชำรุด,หน้าลิฟท์ด้านหลัง (ชำรุด),เก้าอี้,ไม่สามารถระบุได้
196,เก้าอี้หมุนพนักพิง,7110-006-17220,ไม่มีหมายเลข,27 ก.ย. 49,1,ใช้ได้,ห้องปฏิบัติการ 3 (เดฟ),เก้าอี้,ห้องปฏิบัติการ 3
197,เก้าอี้หมุนพนักพิง,7110-006-17222,ไม่มีหมายเลข,27 ก.ย. 49,1,ใช้ได้,ห้องจัดเก็บครุภัณฑ์,เก้าอี้,ห้องจัดเก็บครุภัณฑ์
198,เก้าอี้หมุนพนักพิง,7440-020-0002.78,ไม่มีหมายเลข,27 ก.ย. 49,1,ใช้ได้,หน้าลิฟท์ด้านหลัง (ชำรุด),เก้าอี้,ไม่สามารถระบุได้
199,เก้าอี้หมุนพนักพิง,7440-020-0002.74,ไม่มีหมายเลข,27 ก.ย. 49,1,ใช้ได้,ห้องcom 105,เก้าอี้,ไม่สามารถระบุได้
200,เก้าอี้หมุนพนักพิง,7110-007-9-1889,ไม่มีหมายเลข,27 ก.ย. 49,1,ใช้ได้,ห้องจัดเก็บครุภัณฑ์,เก้าอี้,ห้องจัดเก็บครุภัณฑ์
201,เก้าอี้หมุนพนักพิง,7440-020-0002.76,ไม่มีหมายเลข,27 ก.ย. 49,1,ใช้ได้,หน้าลิฟท์ด้านหลัง (ชำรุด),เก้าอี้,ไม่สามารถระบุได้
202,เก้าอี้หมุนพนักพิง,7440-020-0001.67,ไม่มีหมายเลข,27 ก.ย. 49,1,ใช้ได้,หน้าห้องประชุม,เก้าอี้,ไม่สามารถระบุได้
203,เก้าอี้หมุนพนักพิง,7440-020-0002.72,ไม่มีหมายเลข,27 ก.ย. 49,1,ใช้ได้,ด้านหน้าสมชาย,เก้าอี้,ไม่สามารถระบุได้
204,เก้าอี้หมุนพนักพิง,7110-006-17228,ไม่มีหมายเลข,27 ก.ย. 49,1,ใช้ได้,ห้องปฏิบัติการ 3 ,เก้าอี้,ห้องปฏิบัติการ 3
205,เก้าอี้หมุนพนักพิง,7440-020-0001.130,ไม่มีหมายเลข,27 ก.ย. 49,1,ชำรุด,หน้าลิฟท์ด้านหลัง (ชำรุด),เก้าอี้,ไม่สามารถระบุได้
206,เก้าอี้สำหรับที่ประชุม,7440-020-0002.77,ไม่มีหมายเลข,27 ก.ย. 49,1,ใช้ได้,พี่ย๊ะ,เก้าอี้,ไม่สามารถระบุได้
207,เก้าอี้สำหรับที่ประชุม,7110-006-17230,ไม่มีหมายเลข,27 ก.ย. 49,1,ใช้ได้,ห้องปฏิบัติการ 3 ,เก้าอี้,ห้องปฏิบัติการ 3
208,เก้าอี้สำหรับที่ประชุม,7110-006-17231,ไม่มีหมายเลข,27 ก.ย. 49,1,ใช้ได้,ห้องเก็บของครัว,เก้าอี้,ห้องเก็บของครัว
209,เก้าอี้สำหรับที่ประชุม,7440-020-0002.81,ไม่มีหมายเลข,27 ก.ย. 49,1,ใช้ได้,ห้องเก็บวัสดุสำนักงาน,เก้าอี้,ไม่สามารถระบุได้
210,เก้าอี้สำหรับที่ประชุม,7440-020-0002.50,ไม่มีหมายเลข,27 ก.ย. 49,1,ใช้ได้,พี่ย๊ะ,เก้าอี้,ไม่สามารถระบุได้
211,เก้าอี้สำหรับที่ประชุม,7440-020-0002.65,ไม่มีหมายเลข,27 ก.ย. 49,1,ใช้ได้,หน้าห้องประชุม,เก้าอี้,ไม่สามารถระบุได้
212,เก้าอี้สำหรับที่ประชุม,7440-020-0001.64,ไม่มีหมายเลข,27 ก.ย. 49,1,ใช้ได้,ห้องพี่ย๊ะ,เก้าอี้,ไม่สามารถระบุได้
213,เก้าอี้สำหรับที่ประชุม,7440-020-0002.47,ไม่มีหมายเลข,27 ก.ย. 49,1,ใช้ได้,ห้องเก็บวัสดุสำนักงาน,เก้าอี้,ไม่สามารถระบุได้
214,เก้าอี้สำหรับที่ประชุม,7110-006-17237,ไม่มีหมายเลข,27 ก.ย. 49,1,ใช้ได้,ห้องประชุม,เก้าอี้,ห้องประชุม
215,เก้าอี้สำหรับที่ประชุม,7440-013-7542,ไม่มีหมายเลข,27 ก.ย. 49,1,ชำรุด,หญิง,เก้าอี้,ไม่สามารถระบุได้
216,เก้าอี้สำหรับที่ประชุม,7110-006-17239,ไม่มีหมายเลข,27 ก.ย. 49,1,ชำรุด,ห้องประชุม,เก้าอี้,ห้องประชุม
217,เก้าอี้สำหรับที่ประชุม,7110-006-17240,ไม่มีหมายเลข,27 ก.ย. 49,1,ชำรุด,ห้องจัดเก็บครุภัณฑ์,เก้าอี้,ห้องจัดเก็บครุภัณฑ์
218,เก้าอี้สำหรับที่ประชุม,7110-006-17241,ไม่มีหมายเลข,27 ก.ย. 49,1,ใช้ได้,เป้,เก้าอี้,ห้องปฏิบัติการ 2
219,เก้าอี้สำหรับที่ประชุม,7440-020-0002.62,ไม่มีหมายเลข,27 ก.ย. 49,1,ใช้ได้,หัวหน้าโจ,เก้าอี้,ไม่สามารถระบุได้
220,เก้าอี้สำหรับที่ประชุม,7110-006-17243,ไม่มีหมายเลข,27 ก.ย. 49,1,ใช้ได้,ห้องประชุม,เก้าอี้,ห้องประชุม
221,เก้าอี้สำหรับที่ประชุม,7110-006-17244,ไม่มีหมายเลข,27 ก.ย. 49,1,ใช้ได้,หน้าห้องผอ.,เก้าอี้,หน้าห้อง ผอ.ส่วน
222,เก้าอี้สำหรับที่ประชุม,7110-006-17245,ไม่มีหมายเลข,27 ก.ย. 49,1,ชำรุด,ห้องประชุม,เก้าอี้,ห้องประชุม
223,เก้าอี้สำหรับที่ประชุม,7110-006-17246,ไม่มีหมายเลข,27 ก.ย. 49,1,ใช้ได้,ห้องประชุม,เก้าอี้,ห้องประชุม
224,เก้าอี้สำหรับที่ประชุม,7110-006-17247,ไม่มีหมายเลข,27 ก.ย. 49,1,ใช้ได้,ห้องจัดเก็บครุภัณฑ์,เก้าอี้,ห้องจัดเก็บครุภัณฑ์
225,เก้าอี้สำหรับที่ประชุม,7440-020-0003.22,ไม่มีหมายเลข,27 ก.ย. 49,1,ใช้ได้,ห้องพี่ย๊ะ,เก้าอี้,ไม่สามารถระบุได้
226,เก้าอี้สำหรับที่ประชุม,7110-006-17249,ไม่มีหมายเลข,27 ก.ย. 49,1,ใช้ได้,ห้องเก็บของพี่ย๊ะ,เก้าอี้,ห้องเก็บของมารีย๊ะ
227,เก้าอี้สำหรับที่ประชุม,7110-006-172450,ไม่มีหมายเลข,27 ก.ย. 49,1,ชำรุด,ห้องประชุม,เก้าอี้,ห้องประชุม
228,เก้าอี้สำหรับที่ประชุม,7440-020-0003.18,ไม่มีหมายเลข,27 ก.ย. 49,1,ใช้ได้,หน้าห้องพี่พงศ์,เก้าอี้,ไม่สามารถระบุได้
229,เก้าอี้สำหรับที่ประชุม,7110-006-172452,ไม่มีหมายเลข,27 ก.ย. 49,1,ใช้ได้,ห้องประชุม,เก้าอี้,ห้องประชุม
230,เก้าอี้สำหรับที่ประชุม,7440-020-0003.5,ไม่มีหมายเลข,27 ก.ย. 49,1,ใช้ได้,พี่ย๊ะ,เก้าอี้,ไม่สามารถระบุได้
231,โต๊ะสำหรับวางระวางแผนที่,7440-020-0003.20,ไม่มีหมายเลข,27 ก.ย. 49,1,ชำรุด,ทางเดิน วางไมโครเวฟ,โต๊ะ,ไม่สามารถระบุได้
232,โต๊ะสำหรับวางระวางแผนที่,7110-007-15-2633,ไม่มีหมายเลข,27 ก.ย. 49,1,ชำรุด,ห้องเก็บของด้านล่าง,โต๊ะ,ห้องเก็บของ
233,โต๊ะสำหรับวางระวางแผนที่,7110-007-15-2634,ไม่มีหมายเลข,27 ก.ย. 49,1,ใช้ได้,หน้าลิฟท์,โต๊ะ,หน้าลิฟท์
234,โต๊ะสำหรับวางระวางแผนที่,7440-020-0003.8,ไม่มีหมายเลข,27 ก.ย. 49,1,ใช้ได้,ทางเดินห้องจัดเก็บครุภัณฑ์,โต๊ะ,ไม่สามารถระบุได้
235,โต๊ะสำหรับวางระวางแผนที่,7110-007-15-2636,ไม่มีหมายเลข,27 ก.ย. 49,1,ใช้ได้,ห้องจัดเก็บครุภัณฑ์,โต๊ะ,ห้องจัดเก็บครุภัณฑ์
236,โต๊ะสำหรับวางระวางแผนที่,7440-020-0002.63.1,ไม่มีหมายเลข,27 ก.ย. 49,1,ใช้ได้,ทางเดินห้องจัดเก็บครุภัณฑ์,โต๊ะ,ไม่สามารถระบุได้
237,โต๊ะสำหรับวางระวางแผนที่,7110-007-15-2638,ไม่มีหมายเลข,27 ก.ย. 49,1,ใช้ได้,ห้องเก็บของพี่ย๊ะ,โต๊ะ,ห้องเก็บของมารีย๊ะ
238,โต๊ะสำหรับวางระวางแผนที่,7110-007-15-2639,ไม่มีหมายเลข,27 ก.ย. 49,1,ใช้ได้,ห้องประชุม,โต๊ะ,ห้องประชุม
239,เครื่องพิมพ์มัลติฟังก์ชั่น ยี่ห้อ CANON ,7440-020-0002.75.1,ไม่มีหมายเลข,๒๘ พ.ค. ๖๑,1,ใช้ได้,พี่หน่อย,เครื่องพิมพ์,ไม่สามารถระบุได้
240,อุปกรณ์เชื่อมต่อเครือข่าย,7440-115-0013.8,ไม่มีหมายเลข,22 ธ.ค. 49,1,ใช้ได้,ห้องปฏิบัติการ 1 (หลังมารีย๊ะ),อุปกรณ์เชื่อมต่อเครือข่าย,ห้องปฏิบัติการ 1
241,เครื่องพิมพ์ยี่ห้อ EPSON รุ่น WF ๗๐๑๑,7440-020-0002.65.1,ไม่มีหมายเลข,27 เม.ย 59,1,ใช้ได้,SERIAL NO.NL4Y003240 (พี่หน่อย),เครื่องพิมพ์,ไม่สามารถระบุได้
242,ตู้เหล็กเก็บเอกสารชนิด 2 ลิ้นชัก,7440-013-7494.1,ไม่มีหมายเลข,19 ธ.ค. 49,1,ใช้ได้,ข้างกิ๊ก,ตู้,ไม่สามารถระบุได้
243,ตู้เหล็กเก็บเอกสารชนิด 2 ลิ้นชัก,7110-003-8-0731,ไม่มีหมายเลข,19 ธ.ค. 49,1,ใช้ได้,ห้อง ผอ.,ตู้,หน้าห้อง ผอ.ส่วน
244,ตู้เหล็กเก็บเอกสารชนิด 10 ลิ้นชัก,7440-020-0008.33,ไม่มีหมายเลข,19 ธ.ค. 49,1,ใช้ได้,หน้าห้องหัวหน้าเชา,ตู้,ไม่สามารถระบุได้
245,ตู้เหล็กเก็บเอกสารชนิด 10 ลิ้นชัก,7440-020-0003.6.1,ไม่มีหมายเลข,19 ธ.ค. 49,1,ใช้ได้,หน้าห้องหัวหน้าเชา,ตู้,ไม่สามารถระบุได้
246,ตู้ DVD 8 ชั้น,7110-013-8-0793,ไม่มีหมายเลข,15 ม.ค. 50,1,ใช้ได้,ห้องเก็บของพี่ย๊ะ,ตู้,ห้องเก็บของมารีย๊ะ
247,ตู้ DVD 8 ชั้น,7110-013-8-0794,ไม่มีหมายเลข,15 ม.ค. 50,1,ใช้ได้,ห้องเก็บของพี่ย๊ะ,ตู้,ห้องเก็บของมารีย๊ะ
248,เครื่องถ่ายเอกสาร,7430-003-0935/2554,ไม่มีหมายเลข,2554,1,ชำรุด,ยี่ห้อโคนิก๊ามินอลต้า รุ่น BH363 (ห้องเก็บของ) หมายเลขเครื่อง AIUE 041000709,เครื่องถ่ายเอกสาร,ห้องเก็บของ
249,เครื่องถ่ายเอกสาร RICOH,7440-020-0003.19.1,ไม่มีหมายเลข,16 เม.ย. 63,1,ใช้ได้,หมายเลขเครื่อง C399PC00824,เครื่องถ่ายเอกสาร,ไม่สามารถระบุได้
250,เครื่องกรองน้ำทำความร้อน-เย็น,4110-002-0392/2554,ไม่มีหมายเลข,2554,1,ใช้ได้,ยี่ห้อฮุนได หน้าห้องน้ำ,เครื่องกรองน้ำทำความร้อน-เย็น,หน้าห้องน้ำ
251,รถเข็นพื้นเหล็กชั้นเดียว,3920-005-0144,ไม่มีหมายเลข,23 ส.ค. 56,1,ใช้ได้,ห้องเก็บของครัว หน้าลิฟท์,รถเข็นพื้นเหล็กชั้นเดียว,ห้องเก็บของครัว
252,เก้าอี้ล้อเลื่อน ระดับ 3-6,7110-006-18297,ไม่มีหมายเลข,22 มิ.ย. 49,1,ชำรุด,ห้องเก็บของพี่ย๊ะ,เก้าอี้,ห้องเก็บของมารีย๊ะ
253,เก้าอี้ล้อเลื่อน ระดับ 3-6,7110-006-18299,ไม่มีหมายเลข,22 มิ.ย. 49,1,ชำรุด,ผึ้ง,เก้าอี้,ห้องปฏิบัติการ 2
254,เก้าอี้ล้อเลื่อน ระดับ 3-6,7110-006-18300,ไม่มีหมายเลข,22 มิ.ย. 49,1,ชำรุด,ห้องเก็บของพี่ย๊ะ,เก้าอี้,ห้องเก็บของมารีย๊ะ
255,เก้าอี้ล้อเลื่อน ระดับ 3-6,7440-020-0003.7.1,ไม่มีหมายเลข,22 มิ.ย. 49,1,ชำรุด,พี่ย๊ะ,เก้าอี้,ไม่สามารถระบุได้
256,เก้าอี้ล้อเลื่อน ระดับ 3-6,7110-006-18302,ไม่มีหมายเลข,22 มิ.ย. 49,1,ชำรุด,ใหม่,เก้าอี้,ห้องปฏิบัติการ 2
257,เก้าอี้ล้อเลื่อน ระดับ 3-6,7110-006-18306,ไม่มีหมายเลข,22 มิ.ย. 49,1,ชำรุด,สาว,เก้าอี้,ห้องปฏิบัติการ 2
258,เก้าอี้ล้อเลื่อน ระดับ 3-6,7110-006-18308,ไม่มีหมายเลข,22 มิ.ย. 49,1,ชำรุด,ชมพู่,เก้าอี้,ห้องปฏิบัติการ 2
259,เก้าอี้ล้อเลื่อน ระดับ 7-8 ,7110-006-18310,ไม่มีหมายเลข,22 มิ.ย. 49,1,ชำรุด,ห้องหัวหน้าฝ่าย (ข้างห้องผอ.),เก้าอี้,ห้องหัวหน้าฝ่าย (ข้างห้องผอ.)
260,เก้าอี้ล้อเลื่อน ระดับ 7-8 ,7440-020-0003.68.1,ไม่มีหมายเลข,22 มิ.ย. 49,1,ชำรุด,แอน,เก้าอี้,ไม่สามารถระบุได้
261,เก้าอี้ล้อเลื่อน ระดับ 7-8 ,7440-020-0002.54.1,ไม่มีหมายเลข,22 มิ.ย. 49,1,ชำรุด,ห้องเก็บไม้แขวนระวาง,เก้าอี้,ไม่สามารถระบุได้
262,เก้าอี้ล้อเลื่อน,7110-006-18301,ไม่มีหมายเลข,21 ก.ค. 49,1,ใช้ได้,แอร์,เก้าอี้,ห้องปฏิบัติการ 2
263,โต๊ะ ยี่ห้อ WINNER รุ่น WT80H,7440-013-3080.1,ไม่มีหมายเลข,21 ก.ค. 49,1,ใช้ได้,หญิง,โต๊ะ,ห้องปฏิบัติการ 2
264,โต๊ะ ยี่ห้อ WINNER รุ่น WT80H,7440-013-3089.1,ไม่มีหมายเลข,21 ก.ค. 49,1,ใช้ได้,มาย,โต๊ะ,ห้องปฏิบัติการ 2
265,โต๊ะ ยี่ห้อ WINNER รุ่น WT80H,7440-013-3093.1,ไม่มีหมายเลข,21 ก.ค. 49,1,ใช้ได้,พี่น้อย,โต๊ะ,ห้องปฏิบัติการ 2
266,โต๊ะ ยี่ห้อ WINNER รุ่น WT80H,7440-013-3088.1,ไม่มีหมายเลข,21 ก.ค. 49,1,ใช้ได้,หนุ่ย,โต๊ะ,ห้องปฏิบัติการ 2
267,โต๊ะ ยี่ห้อ WINNER รุ่น WT80H,7440-013-3064.1,ไม่มีหมายเลข,21 ก.ค. 49,1,ใช้ได้,สาว,โต๊ะ,ห้องปฏิบัติการ 2
268,โต๊ะ ยี่ห้อ WINNER รุ่น WT80H,7440-013-3076.1,ไม่มีหมายเลข,21 ก.ค. 49,1,ใช้ได้,มอส,โต๊ะ,ห้องปฏิบัติการ 2
269,โต๊ะ ยี่ห้อ WINNER รุ่น WT80H,7440-013-3095.1,ไม่มีหมายเลข,21 ก.ค. 49,1,ใช้ได้,ก้อย,โต๊ะ,ห้องปฏิบัติการ 2
270,โต๊ะ ยี่ห้อ WINNER รุ่น WT80H,7440-013-3070.1,ไม่มีหมายเลข,21 ก.ค. 49,1,ใช้ได้,ผึ้ง,โต๊ะ,ห้องปฏิบัติการ 2
271,โต๊ะ ยี่ห้อ WINNER รุ่น WT80H,7440-013-3077.1,ไม่มีหมายเลข,21 ก.ค. 49,1,ใช้ได้,แบงค์,โต๊ะ,ห้องปฏิบัติการ 3
272,โต๊ะคอมพิวเตอร์แบบขาเหล็ก(ยาว)  ,7110-007-10-015,ไม่มีหมายเลข,21 ก.ค. 49,1,ใช้ได้,กอบชัย,โต๊ะ,ห้องปฏิบัติการ 3
273,โต๊ะคอมพิวเตอร์แบบขาเหล็ก(ยาว)  ,7110-007-10-017,ไม่มีหมายเลข,21 ก.ค. 49,1,ใช้ได้,สุเมธ,โต๊ะ,ห้องปฏิบัติการ 3
274,เก้าอี้หมุนพนักพิง ,7110-007-9-1893,ไม่มีหมายเลข,-,1,ชำรุด,ห้องปฏิบัติการ 3 ,เก้าอี้,ห้องปฏิบัติการ 3
275,เก้าอี้หมุนพนักพิง ,7440-013-3060.1/2549,ไม่มีหมายเลข,-,1,ชำรุด,ห้องปฏิบัติการ 3 ,เก้าอี้,ห้องปฏิบัติการ 3
276,เก้าอี้หมุนพนักพิง ,7440-013-3075.1/2549,ไม่มีหมายเลข,-,1,ชำรุด,พี่เหมียว,เก้าอี้,โถงห้องทำงานข้าราชการ
277,โต๊ะพับเหล็ก,7440-020-0003.8.1,ไม่มีหมายเลข,-,1,ชำรุด,ฝากเก็บ กทผ.6,โต๊ะ,ไม่สามารถระบุได้
278,โต๊ะพับเหล็ก,7440-020-0003.14.1,ไม่มีหมายเลข,-,1,ชำรุด,ฝากเก็บ กทผ.6,โต๊ะ,ไม่สามารถระบุได้
279,โต๊ะพับเหล็ก,7440-020-0003.23.1,ไม่มีหมายเลข,-,1,ชำรุด,ฝากเก็บ กทผ.6,โต๊ะ,ไม่สามารถระบุได้
280,คอมพิวเตอร์ ยี่ห้อ Asus รุ่น D700SDES   ,7440-013-2-9819,110000 004030 0,26 พ.ค. 66,1,ใช้ได้,โต๊ะนพรัตน์,คอมพิวเตอร์,ห้องปฏิบัติการ 3
281,คอมพิวเตอร์ ยี่ห้อ Asus รุ่น D700SDES   ,7440-013-2-9820,110000 004031 0 ,26 พ.ค. 66,1,ใช้ได้,โต๊ะว่าง,คอมพิวเตอร์,ห้องปฏิบัติการ 3
282,คอมพิวเตอร์ ยี่ห้อ Asus รุ่น D700SDES   ,7440-013-2-9821,110000 004032 0,26 พ.ค. 66,1,ใช้ได้,โต๊ะปาริชาติ,คอมพิวเตอร์,ห้องปฏิบัติการ 3
283,คอมพิวเตอร์ ยี่ห้อ Asus รุ่น D700SDES   ,7440-013-2-9822,110000 004033 0,26 พ.ค. 66,1,ใช้ได้,โต๊ะวาริณ,คอมพิวเตอร์,ห้องปฏิบัติการ 3
284,คอมพิวเตอร์ ยี่ห้อ Asus รุ่น D700SDES   ,7440-013-2-9823,110000 004034 0,26 พ.ค. 66,1,ใช้ได้,โต๊ะประชัน,คอมพิวเตอร์,ห้องปฏิบัติการ 3
285,คอมพิวเตอร์ ยี่ห้อ Asus รุ่น D700SDES   ,7440-020-0003.20.1,ไม่มีหมายเลข,26 พ.ค. 66,1,ใช้ได้,โต๊ะว่าง,คอมพิวเตอร์,ไม่สามารถระบุได้
286,คอมพิวเตอร์ ยี่ห้อ Asus รุ่น D700SDES   ,7440-020-0003.17.1,ไม่มีหมายเลข,26 พ.ค. 66,1,ใช้ได้,โต๊ะว่าง,คอมพิวเตอร์,ไม่สามารถระบุได้
287,คอมพิวเตอร์ ยี่ห้อ Asus รุ่น D700SDES   ,7440-013-2-9826,110000 004037 0,26 พ.ค. 66,1,ใช้ได้,โต๊ะอธินี,คอมพิวเตอร์,ห้องปฏิบัติการ 3
288,คอมพิวเตอร์ ยี่ห้อ Asus รุ่น D700SDES   ,7110-007-2-468,ไม่มีหมายเลข,26 พ.ค. 66,1,ใช้ได้,ว่าง,คอมพิวเตอร์,ไม่สามารถระบุได้
289,คอมพิวเตอร์ ยี่ห้อ Asus รุ่น D700SDES   ,6675-026-1879,110000 004442 0,26 พ.ค. 66,1,ใช้ได้,โต๊ะว่าง,คอมพิวเตอร์,ไม่สามารถระบุได้
290,คอมพิวเตอร์ ยี่ห้อ Asus รุ่น D700SDES   ,7440-013-2-9827,110000 004038 0,26 พ.ค. 66,1,ใช้ได้,โต๊ะว่าง,คอมพิวเตอร์,ไม่สามารถระบุได้
291,คอมพิวเตอร์ ยี่ห้อ Asus รุ่น D700SDES   ,7440-013-2-9834,110000 004045 0,26 พ.ค. 66,1,ใช้ได้,โต๊ะว่าง,คอมพิวเตอร์,ไม่สามารถระบุได้
292,คอมพิวเตอร์ ยี่ห้อ Asus รุ่น D700SDES   ,7440-013-2-9831,110000 004042 0,26 พ.ค. 66,1,ใช้ได้,โต๊ะฤทธิชัย,คอมพิวเตอร์,ห้องปฏิบัติการ 3
293,คอมพิวเตอร์ ยี่ห้อ Asus รุ่น D700SDES   ,7440-013-2-9832,110000 004043 0,26 พ.ค. 66,1,ใช้ได้,โต๊ะมูฮัมหมัดนิสสัน,คอมพิวเตอร์,ห้องปฏิบัติการ 3
294,คอมพิวเตอร์ ยี่ห้อ Asus รุ่น D700SDES   ,7440-013-2-9833,110000 004044 0,26 พ.ค. 66,1,ใช้ได้,โต๊ะมรกต,คอมพิวเตอร์,ห้องปฏิบัติการ 3
295,คอมพิวเตอร์ ยี่ห้อ Asus รุ่น D700SDES   ,7440-013-2-9835,110000 004046 0,26 พ.ค. 66,1,ใช้ได้,ว่าง,คอมพิวเตอร์,ไม่สามารถระบุได้
296,คอมพิวเตอร์ ยี่ห้อ Asus รุ่น D700SDES   ,7440-013-2-9836,110000 004047 0,26 พ.ค. 66,1,ใช้ได้,ว่าง,คอมพิวเตอร์,ไม่สามารถระบุได้
297,คอมพิวเตอร์ ยี่ห้อ Asus รุ่น D700SDES   ,7440-006-12588,110000 004038 0,26 พ.ค. 66,1,ใช้ได้,ว่าง,คอมพิวเตอร์,ไม่สามารถระบุได้
298,คอมพิวเตอร์ ยี่ห้อ Asus รุ่น D700SDES   ,7440-013-2-9837,110000 004048 0,26 พ.ค. 66,1,ใช้ได้,โต๊ะสิรินาถ,คอมพิวเตอร์,ห้องปฏิบัติการ 3
299,คอมพิวเตอร์ ยี่ห้อ Asus รุ่น D700SDES   ,7440-013-2-9838,110000 004049 0,26 พ.ค. 66,1,ใช้ได้,โต๊ะรัญชิดา,คอมพิวเตอร์,ห้องปฏิบัติการ 3
300,คอมพิวเตอร์ ยี่ห้อ Asus รุ่น D700SDES   ,7440-013-2-9839,110000 004050 0,26 พ.ค. 66,1,ใช้ได้,โต๊ะนิรดา,คอมพิวเตอร์,ห้องปฏิบัติการ 3
301,คอมพิวเตอร์ ยี่ห้อ Asus รุ่น D700SDES   ,7440-013-2-9840,110000 004051 0,26 พ.ค. 66,1,ใช้ได้,โต๊ะกอบชัย,คอมพิวเตอร์,ห้องปฏิบัติการ 3
302,คอมพิวเตอร์ ยี่ห้อ Asus รุ่น D700SDES   ,7440-013-2-9841,110000 004052 0,26 พ.ค. 66,1,ใช้ได้,โต๊ะปุณยวีร์,คอมพิวเตอร์,ห้องปฏิบัติการ 3
303,คอมพิวเตอร์ ยี่ห้อ Asus รุ่น D700SDES   ,7440-013-2-9842,110000 004053 0,26 พ.ค. 66,1,ใช้ได้,โต๊ะณัฐวุฒิ สุวานิช,คอมพิวเตอร์,ห้องปฏิบัติการ 3
304,คอมพิวเตอร์ ยี่ห้อ Asus รุ่น D700SDES   ,7440-006-12595,110000 004045 0,26 พ.ค. 66,1,ใช้ได้,โต๊ะว่าง,คอมพิวเตอร์,ไม่สามารถระบุได้
305,คอมพิวเตอร์ ยี่ห้อ Asus รุ่น D700SDES   ,7440-006-12596,110000 004046 0,26 พ.ค. 66,1,ใช้ได้,โต๊ะว่าง,คอมพิวเตอร์,ไม่สามารถระบุได้
306,คอมพิวเตอร์ ยี่ห้อ Asus รุ่น D700SDES   ,7440-013-2-9845,110000 004056 0,26 พ.ค. 66,1,ใช้ได้,โต๊ะเจนพิธีกร,คอมพิวเตอร์,ห้องเจนพิธีกร
307,คอมพิวเตอร์ ยี่ห้อ Asus รุ่น D700SDES   ,7440-013-2-9846,110000 004057 0,26 พ.ค. 66,1,ใช้ได้,โต๊ะกนกนุช,คอมพิวเตอร์,ห้องปฏิบัติการ 1
308,คอมพิวเตอร์ ยี่ห้อ Asus รุ่น D700SDES   ,7440-013-2-9847,110000 004058 0,26 พ.ค. 66,1,ใช้ได้,โต๊ะจิตรานุช,คอมพิวเตอร์,ห้องปฏิบัติการ 1
309,คอมพิวเตอร์ ยี่ห้อ Asus รุ่น D700SDES   ,7440-013-2-9848,110000 004059 0,26 พ.ค. 66,1,ใช้ได้,โต๊ะภาคภูมิ,คอมพิวเตอร์,ห้องปฏิบัติการ 3
310,จอคอมพิวเตอร์ ยี่ห้อ Asus รุ่น C2221HE,7440-006-12580,110000 004030 0,26 พ.ค. 66,1,ใช้ได้,โต๊ะนพรัตน์,จอคอมพิวเตอร์,ห้องปฏิบัติการ 3
311,จอคอมพิวเตอร์ ยี่ห้อ Asus รุ่น C2221HE,7440-006-12597,110000 004047 0,26 พ.ค. 66,1,ใช้ได้,โต๊ะว่าง,จอคอมพิวเตอร์,ไม่สามารถระบุได้
312,จอคอมพิวเตอร์ ยี่ห้อ Asus รุ่น C2221HE,7440-006-12582,110000 004032 0,26 พ.ค. 66,1,ใช้ได้,โต๊ะปาริชาติ,จอคอมพิวเตอร์,ห้องปฏิบัติการ 3
313,จอคอมพิวเตอร์ ยี่ห้อ Asus รุ่น C2221HE,7440-006-12583,110000 004033 0,26 พ.ค. 66,1,ใช้ได้,โต๊ะวาริณ,จอคอมพิวเตอร์,ห้องปฏิบัติการ 3
314,จอคอมพิวเตอร์ ยี่ห้อ Asus รุ่น C2221HE,7440-006-12584,110000 004034 0,26 พ.ค. 66,1,ใช้ได้,โต๊ะประชัน,จอคอมพิวเตอร์,ห้องปฏิบัติการ 3
315,จอคอมพิวเตอร์ ยี่ห้อ Asus รุ่น C2221HE,7110-002-5-014,ไม่มีหมายเลข,26 พ.ค. 66,1,ใช้ได้,โต๊ะว่าง,จอคอมพิวเตอร์,ไม่สามารถระบุได้
316,จอคอมพิวเตอร์ ยี่ห้อ Asus รุ่น C2221HE,7110-002-5-017,ไม่มีหมายเลข,26 พ.ค. 66,1,ใช้ได้,โต๊ะว่าง,จอคอมพิวเตอร์,ไม่สามารถระบุได้
317,จอคอมพิวเตอร์ ยี่ห้อ Asus รุ่น C2221HE,7440-006-12587,110000 004037 0,26 พ.ค. 66,1,ใช้ได้,โต๊ะอธินี,จอคอมพิวเตอร์,ห้องปฏิบัติการ 3
318,จอคอมพิวเตอร์ ยี่ห้อ Asus รุ่น C2221HE,7110-002-5-019,ไม่มีหมายเลข,26 พ.ค. 66,1,ใช้ได้,ว่าง,จอคอมพิวเตอร์,ไม่สามารถระบุได้
319,จอคอมพิวเตอร์ ยี่ห้อ Asus รุ่น C2221HE,7110-002-5-015,ไม่มีหมายเลข,26 พ.ค. 66,1,ใช้ได้,โต๊ะว่าง,จอคอมพิวเตอร์,ไม่สามารถระบุได้
320,จอคอมพิวเตอร์ ยี่ห้อ Asus รุ่น C2221HE,7110-002-5-018,ไม่มีหมายเลข,26 พ.ค. 66,1,ใช้ได้,โต๊ะว่าง,จอคอมพิวเตอร์,ไม่สามารถระบุได้
321,จอคอมพิวเตอร์ ยี่ห้อ Asus รุ่น C2221HE,7110-007-3-805,ไม่มีหมายเลข,26 พ.ค. 66,1,ใช้ได้,โต๊ะว่าง,จอคอมพิวเตอร์,ไม่สามารถระบุได้
322,จอคอมพิวเตอร์ ยี่ห้อ Asus รุ่น C2221HE,7440-006-12592,110000 004042 0,26 พ.ค. 66,1,ใช้ได้,โต๊ะฤทธิชัย,จอคอมพิวเตอร์,ห้องปฏิบัติการ 3
323,จอคอมพิวเตอร์ ยี่ห้อ Asus รุ่น C2221HE,7440-006-12593,110000 004043 0,26 พ.ค. 66,1,ใช้ได้,โต๊ะมูฮัมหมัดนิสสัน,จอคอมพิวเตอร์,ห้องปฏิบัติการ 3
324,จอคอมพิวเตอร์ ยี่ห้อ Asus รุ่น C2221HE,7440-006-12594,110000 004044 0,26 พ.ค. 66,1,ใช้ได้,โต๊ะมรกต,จอคอมพิวเตอร์,ห้องปฏิบัติการ 3
325,จอคอมพิวเตอร์ ยี่ห้อ Asus รุ่น C2221HE,7110-007-3-083,ไม่มีหมายเลข,26 พ.ค. 66,1,ใช้ได้,ว่าง,จอคอมพิวเตอร์,ไม่สามารถระบุได้
326,จอคอมพิวเตอร์ ยี่ห้อ Asus รุ่น C2221HE,7110-007-3-455,ไม่มีหมายเลข,26 พ.ค. 66,1,ใช้ได้,ว่าง,จอคอมพิวเตอร์,ไม่สามารถระบุได้
327,จอคอมพิวเตอร์ ยี่ห้อ Asus รุ่น C2221HE,7110-007-3-092,ไม่มีหมายเลข,26 พ.ค. 66,1,ใช้ได้,ว่าง,จอคอมพิวเตอร์,ไม่สามารถระบุได้
328,จอคอมพิวเตอร์ ยี่ห้อ Asus รุ่น C2221HE,7440-006-12598,110000 004048 0,26 พ.ค. 66,1,ใช้ได้,โต๊ะสิรินาถ,จอคอมพิวเตอร์,ห้องปฏิบัติการ 3
329,จอคอมพิวเตอร์ ยี่ห้อ Asus รุ่น C2221HE,7440-006-12599,110000 004049 0,26 พ.ค. 66,1,ใช้ได้,โต๊ะรัญชิดา,จอคอมพิวเตอร์,ห้องปฏิบัติการ 3
330,จอคอมพิวเตอร์ ยี่ห้อ Asus รุ่น C2221HE,7440-006-12600,110000 004050 0,26 พ.ค. 66,1,ใช้ได้,โต๊ะนิรดา,จอคอมพิวเตอร์,ห้องปฏิบัติการ 3
331,จอคอมพิวเตอร์ ยี่ห้อ Asus รุ่น C2221HE,7440-006-12601,110000 004051 0,26 พ.ค. 66,1,ใช้ได้,โต๊ะกอบชัย,จอคอมพิวเตอร์,ห้องปฏิบัติการ 3
332,จอคอมพิวเตอร์ ยี่ห้อ Asus รุ่น C2221HE,7440-006-12602,110000 004052 0,26 พ.ค. 66,1,ใช้ได้,โต๊ะปุณยวีร์,จอคอมพิวเตอร์,ห้องปฏิบัติการ 3
333,จอคอมพิวเตอร์ ยี่ห้อ Asus รุ่น C2221HE,7440-006-12603,110000 004053 0,26 พ.ค. 66,1,ใช้ได้,โต๊ะณัฐวุฒิ สุวานิช,จอคอมพิวเตอร์,ห้องปฏิบัติการ 3
334,จอคอมพิวเตอร์ ยี่ห้อ Asus รุ่น C2221HE,ต.8/28/181,ไม่มีหมายเลข,26 พ.ค. 66,1,ใช้ได้,โต๊ะว่าง,จอคอมพิวเตอร์,ไม่สามารถระบุได้
335,จอคอมพิวเตอร์ ยี่ห้อ Asus รุ่น C2221HE,ต.12/28/128,ไม่มีหมายเลข,26 พ.ค. 66,1,ใช้ได้,โต๊ะว่าง,จอคอมพิวเตอร์,ไม่สามารถระบุได้
336,จอคอมพิวเตอร์ ยี่ห้อ Asus รุ่น C2221HE,507584,ไม่มีหมายเลข,26 พ.ค. 66,1,ใช้ได้,โต๊ะเจนพิธีกร,จอคอมพิวเตอร์,ไม่สามารถระบุได้
337,จอคอมพิวเตอร์ ยี่ห้อ Asus รุ่น C2221HE,7440-006-12607,110000 004057 0,26 พ.ค. 66,1,ใช้ได้,โต๊ะกนกนุช,จอคอมพิวเตอร์,ห้องปฏิบัติการ 1
338,จอคอมพิวเตอร์ ยี่ห้อ Asus รุ่น C2221HE,7440-006-12608,110000 004058 0,26 พ.ค. 66,1,ใช้ได้,โต๊ะจิตรานุช,จอคอมพิวเตอร์,ห้องปฏิบัติการ 1
339,จอคอมพิวเตอร์ ยี่ห้อ Asus รุ่น C2221HE,7440-006-12609,110000 004059 0,26 พ.ค. 66,1,ใช้ได้,โต๊ะภาคภูมิ,จอคอมพิวเตอร์,ห้องปฏิบัติการ 3
340,อุปกรณ์กระจายสัญญาณ (L2 Switch) ขนาด 24 ช่อง,7440-017-5-1067,ไม่มีหมายเลข,27 ก.พ. 66,1,ใช้ได้,ห้องปฏิบัติการ 3,อุปกรณ์กระจายสัญญาณ,ห้องปฏิบัติการ 3
341,อุปกรณ์กระจายสัญญาณ (L2 Switch) ขนาด 24 ช่อง,7440-017-5-1068,ไม่มีหมายเลข,27 ก.พ. 66,1,ใช้ได้,ห้องปฏิบัติการ 3,อุปกรณ์กระจายสัญญาณ,ห้องปฏิบัติการ 3
342,อุปกรณ์กระจายสัญญาณ (L2 Switch) ขนาด 24 ช่อง,7440-017-5-1069,ไม่มีหมายเลข,27 ก.พ. 66,1,ใช้ได้,ห้องปฏิบัติการ 2,อุปกรณ์กระจายสัญญาณ,ห้องปฏิบัติการ 2
343,อุปกรณ์กระจายสัญญาณ (L2 Switch) ขนาด 24 ช่อง,7440-017-5-1070,ไม่มีหมายเลข,27 ก.พ. 66,1,ใช้ได้,ห้องปฏิบัติการ 2,อุปกรณ์กระจายสัญญาณ,ห้องปฏิบัติการ 2
344,อุปกรณ์กระจายสัญญาณ (L2 Switch) ขนาด 24 ช่อง,507551,ไม่มีหมายเลข,27 ก.พ. 66,1,ใช้ได้,ห้องเก็บครุภัณฑ์คอมพิวเตอร์,อุปกรณ์กระจายสัญญาณ,ไม่สามารถระบุได้
345,คอมพิวเตอร์ ยี่ห้อ Acer  รุ่น  Veriton  M275 ,7440-013-6799/2554,ไม่มีหมายเลข,5 พ.ย. 53,1,ชำรุด,ห้องปฏิบัติการ ๒ (โต๊ะลูกคลื่น) จัดซื้อทดแทน ปีงบประมาณ พ.ศ.2565,คอมพิวเตอร์,ห้องปฏิบัติการ 2
346,คอมพิวเตอร์ ยี่ห้อ Acer  รุ่น  Veriton  M275 ,7440-013-6800/2554,ไม่มีหมายเลข,5 พ.ย. 53,1,ชำรุด,ห้องจัดเก็บครุภัณฑ์คอมพิวเตอร์ จัดซื้อทดแทน ปีงบประมาณ พ.ศ.2565,คอมพิวเตอร์,ห้องจัดเก็บครุภัณฑ์คอมพิวเตอร์
347,คอมพิวเตอร์ ยี่ห้อ Acer  รุ่น  Veriton  M275 ,7440-013-6801/2554,ไม่มีหมายเลข,5 พ.ย. 53,1,ชำรุด,ห้องจัดเก็บครุภัณฑ์คอมพิวเตอร์ จัดซื้อทดแทน ปีงบประมาณ พ.ศ.2565,คอมพิวเตอร์,ห้องจัดเก็บครุภัณฑ์คอมพิวเตอร์
348,คอมพิวเตอร์ ยี่ห้อ Acer  รุ่น  Veriton  M275 ,7440-013-6802/2554,ไม่มีหมายเลข,5 พ.ย. 53,1,ชำรุด,ห้องจัดเก็บครุภัณฑ์คอมพิวเตอร์ จัดซื้อทดแทน ปีงบประมาณ พ.ศ.2565,คอมพิวเตอร์,ห้องจัดเก็บครุภัณฑ์คอมพิวเตอร์
349,คอมพิวเตอร์ ยี่ห้อ Acer  รุ่น  Veriton  M275 ,7440-013-6803/2554,ไม่มีหมายเลข,5 พ.ย. 53,1,ชำรุด,ห้องปฏิบัติการ ๒ (โต๊ะมายด์) จัดซื้อทดแทน ปีงบประมาณ พ.ศ.2565,คอมพิวเตอร์,ห้องปฏิบัติการ 2
350,คอมพิวเตอร์ ยี่ห้อ Acer  รุ่น  Veriton  M275 ,7440-013-6804/2554,ไม่มีหมายเลข,5 พ.ย. 53,1,ชำรุด,ห้องประชุม จัดซื้อทดแทน ปีงบประมาณ พ.ศ.2565,คอมพิวเตอร์,ห้องประชุม
351,คอมพิวเตอร์ ยี่ห้อ Acer  รุ่น  Veriton  M275 ,7440-013-6805/2554,ไม่มีหมายเลข,5 พ.ย. 53,1,ชำรุด,ห้องปฏิบัติการ ๒ (โต๊ะแอร์) จัดซื้อทดแทน ปีงบประมาณ พ.ศ.2565,คอมพิวเตอร์,ห้องปฏิบัติการ 2
352,คอมพิวเตอร์ ยี่ห้อ Acer  รุ่น  Veriton  M275 ,7440-013-6806/2554,ไม่มีหมายเลข,5 พ.ย. 53,1,ชำรุด,ห้องปฏิบัติการ ๒ (โต๊ะรัตน์) จัดซื้อทดแทน ปีงบประมาณ พ.ศ.2565,คอมพิวเตอร์,ห้องปฏิบัติการ 2
353,คอมพิวเตอร์ ยี่ห้อ Acer  รุ่น  Veriton  M275 ,7110-007-3-082,ไม่มีหมายเลข,5 พ.ย. 53,1,ชำรุด,โต๊ะหน่อย จัดซื้อทดแทน ปีงบประมาณ พ.ศ.2565,คอมพิวเตอร์,ไม่สามารถระบุได้
354,คอมพิวเตอร์ ยี่ห้อ Acer  รุ่น  Veriton  M275 ,7440-013-6808/2554,ไม่มีหมายเลข,5 พ.ย. 53,1,ชำรุด,ห้องจัดเก็บครุภัณฑ์คอมพิวเตอร์ จัดซื้อทดแทน ปีงบประมาณ พ.ศ.2565,คอมพิวเตอร์,ห้องจัดเก็บครุภัณฑ์คอมพิวเตอร์
355,คอมพิวเตอร์ ยี่ห้อ Acer  รุ่น  Veriton  M275 ,7110-007-2-303,ไม่มีหมายเลข,5 ก.พ. 59,1,ใช้ได้,โต๊ะสายัณห์,คอมพิวเตอร์,ไม่สามารถระบุได้
356,คอมพิวเตอร์ ยี่ห้อ Acer  รุ่น  Veriton  M275 ,7440-013-6810/2554,ไม่มีหมายเลข,5 พ.ย. 53,1,ชำรุด,ห้องปฏิบัติการ 1 (โต๊ะเลิฟ) จัดซื้อทดแทน ปีงบประมาณ พ.ศ.2565,คอมพิวเตอร์,ห้องปฏิบัติการ 1
357,คอมพิวเตอร์ ยี่ห้อ Acer  รุ่น  Veriton  M275 ,7440-013-6812/2554,ไม่มีหมายเลข,5 พ.ย. 53,1,ชำรุด,ห้องจัดเก็บครุภัณฑ์คอมพิวเตอร์ จัดซื้อทดแทน ปีงบประมาณ พ.ศ.2565,คอมพิวเตอร์,ห้องจัดเก็บครุภัณฑ์คอมพิวเตอร์
358,คอมพิวเตอร์ ยี่ห้อ Acer  รุ่น  Veriton  M275 ,7440-013-6813/2554,ไม่มีหมายเลข,5 พ.ย. 53,1,ชำรุด,ห้องเก็บของมารีย๊ะ จัดซื้อทดแทน ปีงบประมาณ พ.ศ.2565,คอมพิวเตอร์,ห้องเก็บของมารีย๊ะ
359,คอมพิวเตอร์ ยี่ห้อ Acer  รุ่น  Veriton  M275 ,7110-007-2-320,ไม่มีหมายเลข,5 พ.ย. 53,1,ชำรุด,โต๊ะอุ๊ จัดซื้อทดแทน ปีงบประมาณ พ.ศ.2565,คอมพิวเตอร์,ไม่สามารถระบุได้
360,คอมพิวเตอร์ ยี่ห้อ Acer  รุ่น  Veriton  M275 ,7440-013-6815/2554,ไม่มีหมายเลข,5 พ.ย. 53,1,ชำรุด,ห้องจัดเก็บครุภัณฑ์คอมพิวเตอร์ จัดซื้อทดแทน ปีงบประมาณ พ.ศ.2565,คอมพิวเตอร์,ห้องจัดเก็บครุภัณฑ์คอมพิวเตอร์
361,คอมพิวเตอร์ ยี่ห้อ Acer  รุ่น  Veriton  M275 ,7110-007-2-326,ไม่มีหมายเลข,5 พ.ย. 53,1,ชำรุด,โต๊ะแท๊บ จัดซื้อทดแทน ปีงบประมาณ พ.ศ.2565,คอมพิวเตอร์,ไม่สามารถระบุได้
362,คอมพิวเตอร์ ยี่ห้อ Acer  รุ่น  Veriton  M275 ,ต.8/28/183,ไม่มีหมายเลข,5 พ.ย. 53,1,ชำรุด,โต๊ะเบล จัดซื้อทดแทน ปีงบประมาณ พ.ศ.2565,คอมพิวเตอร์,ไม่สามารถระบุได้
363,คอมพิวเตอร์ ยี่ห้อ Acer  รุ่น  Veriton  M275 ,7110-006-17238,ไม่มีหมายเลข,5 ก.พ. 59,1,ใช้ได้,ให้หน้าห้องท่านณรงค์ ๒๒ มิ.ย.๖๖,คอมพิวเตอร์,ไม่สามารถระบุได้
364,คอมพิวเตอร์ ยี่ห้อ Acer  รุ่น  Veriton  M275 ,7440-020-0002.9,ไม่มีหมายเลข,15 ส.ค. 57,1,ใช้ได้,ห้องปฏิบัติการ 2 (โต๊ะปราย),คอมพิวเตอร์,ห้องปฏิบัติการ 2
365,คอมพิวเตอร์ ยี่ห้อ Acer  รุ่น  Veriton  M275 ,7440-020-0002.14,ไม่มีหมายเลข,15 ส.ค. 57,1,ใช้ได้,ห้องปฏิบัติการ ๒ (โต๊ะตึก),คอมพิวเตอร์,ห้องปฏิบัติการ 2
366,คอมพิวเตอร์ ยี่ห้อ Acer  รุ่น  Veriton  M275 ,7440-020-0002.44,ไม่มีหมายเลข,15 ส.ค. 57,1,ใช้ได้,ห้องปฏิบัติการ ๒ (โต๊ะรัตน์),คอมพิวเตอร์,ห้องปฏิบัติการ 2
367,คอมพิวเตอร์ ยี่ห้อ Acer  รุ่น  Veriton  M275 ,7440-020-0002.46,ไม่มีหมายเลข,15 ส.ค. 57,1,ใช้ได้,ห้องปฏิบัติการ ๒ (โต๊ะหญิง),คอมพิวเตอร์,ห้องปฏิบัติการ 2
368,คอมพิวเตอร์ ยี่ห้อ Acer  รุ่น  Veriton  M275 ,7440-020-0002.6,ไม่มีหมายเลข,15 ส.ค. 57,1,ใช้ได้,ห้องจัดเก็บครุภัณฑ์คอมพิวเตอร์,คอมพิวเตอร์,ห้องจัดเก็บครุภัณฑ์คอมพิวเตอร์
369,คอมพิวเตอร์ ยี่ห้อ Acer  รุ่น  Veriton  M275 ,7440-020-0002.5,ไม่มีหมายเลข,15 ส.ค. 57,1,ใช้ได้,ห้องปฏิบัติการ ๒ (โต๊ะชมพู่),คอมพิวเตอร์,ห้องปฏิบัติการ 2
370,คอมพิวเตอร์ ยี่ห้อ Acer  รุ่น  Veriton  M275 ,7440-020-0002.12,ไม่มีหมายเลข,15 ส.ค. 57,1,ใช้ได้,ห้องปฏิบัติการ ๒ (โต๊ะน้อย),คอมพิวเตอร์,ห้องปฏิบัติการ 2
371,คอมพิวเตอร์ ยี่ห้อ Acer  รุ่น  Veriton  M275 ,7440-020-0002.11,ไม่มีหมายเลข,15 ส.ค. 57,1,ใช้ได้,ห้องปฏิบัติการ ๒ (โต๊ะมาย),คอมพิวเตอร์,ห้องปฏิบัติการ 2
372,คอมพิวเตอร์ ยี่ห้อ Acer  รุ่น  Veriton  M275 ,7440-020-0002.83,ไม่มีหมายเลข,15 ส.ค. 57,1,ใช้ได้,ห้องจัดเก็บครุภัณฑ์คอมพิวเตอร์ (ใต้โต๊ะ),คอมพิวเตอร์,ห้องจัดเก็บครุภัณฑ์คอมพิวเตอร์
373,คอมพิวเตอร์ ยี่ห้อ Acer  รุ่น  Veriton  M276,7440-020-0002.15,ไม่มีหมายเลข,15 ส.ค. 57,1,ใช้ได้,ห้องปฏิบัติการ ๒ (โต๊ะสุวรรณ),คอมพิวเตอร์,ห้องปฏิบัติการ 2
374,คอมพิวเตอร์ ยี่ห้อ Acer  รุ่น  Veriton  M275 ,7440-020-0001.9,ไม่มีหมายเลข,5 ก.พ. 59,1,ใช้ได้,ห้องปฏิบัติการ 3 (โต๊ะศรัณย์),คอมพิวเตอร์,ห้องปฏิบัติการ 3
375,คอมพิวเตอร์ ยี่ห้อ Acer  รุ่น  Veriton  M275 ,7110-002-3-424,ไม่มีหมายเลข,5 ก.พ. 59,1,ใช้ได้,โต๊ะพี่ประนอม,คอมพิวเตอร์,หน้าลิฟท์
376,คอมพิวเตอร์ ยี่ห้อ Acer  รุ่น  Veriton  M275 ,7440-020-0001.11,ไม่มีหมายเลข,5 ก.พ. 59,1,ใช้ได้,ห้องปฏิบัติการ ๒ (โต๊ะโสมวรรณ),คอมพิวเตอร์,ห้องปฏิบัติการ 2
377,คอมพิวเตอร์ ยี่ห้อ Acer  รุ่น  Veriton  M275 ,7440-020-0001.48,ไม่มีหมายเลข,5 ก.พ. 59,1,ใช้ได้,ห้องจัดเก็บครุภัณฑ์คอมพิวเตอร์ (ใต้โต๊ะ),คอมพิวเตอร์,ห้องจัดเก็บครุภัณฑ์คอมพิวเตอร์
378,คอมพิวเตอร์ ยี่ห้อ Acer  รุ่น  Veriton  M275 ,7440-020-0001.41,ไม่มีหมายเลข,5 ก.พ. 59,1,ใช้ได้,ห้องปฏิบัติการ ๒ (โต๊ะแอ๊ว),คอมพิวเตอร์,ห้องปฏิบัติการ 2
379,คอมพิวเตอร์ ยี่ห้อ Acer  รุ่น  Veriton  M275 ,7440-020-0001.42,ไม่มีหมายเลข,5 ก.พ. 59,1,ใช้ได้,ห้องปฏิบัติการ ๒ (โต๊ะสาว),คอมพิวเตอร์,ห้องปฏิบัติการ 2
380,คอมพิวเตอร์ ยี่ห้อ Acer  รุ่น  Veriton  M275 ,7440-013-6817/2556,ไม่มีหมายเลข,5 ก.พ. 59,1,ใช้ได้,ห้องปฏิบัติการ ๒ (โต๊ะบิว),คอมพิวเตอร์,ห้องปฏิบัติการ 2
381,คอมพิวเตอร์ ยี่ห้อ Acer  รุ่น  Veriton  M275 ,7440-020-0001.66,ไม่มีหมายเลข,5 ก.พ. 59,1,ใช้ได้,ห้องปฏิบัติการ ๒ (โต๊ะพิมพ์ชนก),คอมพิวเตอร์,ห้องปฏิบัติการ 2
382,คอมพิวเตอร์ ยี่ห้อ Acer  รุ่น  Veriton  M275 ,ไม่มีหมายเลข,ไม่มีหมายเลข,-,1,ใช้ได้,ห้องจัดเก็บครุภัณฑ์คอมพิวเตอร์ ,คอมพิวเตอร์,ห้องจัดเก็บครุภัณฑ์คอมพิวเตอร์
383,คอมพิวเตอร์ ยี่ห้อ Dell,ไม่มีหมายเลข,ไม่มีหมายเลข,-,1,ใช้ได้,ห้องจัดเก็บครุภัณฑ์คอมพิวเตอร์ ,คอมพิวเตอร์,ห้องจัดเก็บครุภัณฑ์คอมพิวเตอร์
384,คอมพิวเตอร์ ยี่ห้อ DELL Presision 380,7440-115-0013.1/2550,ไม่มีหมายเลข,15 ธ.ค. 49,1,ชำรุด,ห้องจัดเก็บครุภัณฑ์คอมพิวเตอร์ (ตู้บานเลื่อน) จัดซื้อทดแทน ปีงบประมาณ พ.ศ.2565,คอมพิวเตอร์,ห้องจัดเก็บครุภัณฑ์คอมพิวเตอร์
385,คอมพิวเตอร์ ยี่ห้อ Dell รุ่น OPTIPLEX 390,7110-006-17193,ไม่มีหมายเลข,23 เม.ย. 56,1,ใช้ได้,กทผ.7 ขอยืม 22 พ.ย. 66,คอมพิวเตอร์,หน้าลิฟท์ด้านหลัง
386,คอมพิวเตอร์ ยี่ห้อ Dell รุ่น OPTIPLEX 390,7110-006-17216,ไม่มีหมายเลข,23 เม.ย. 56,1,ใช้ได้,กทผ.7 ขอยืม 22 พ.ย. 66,คอมพิวเตอร์,หน้าลิฟท์ด้านหลัง
387,คอมพิวเตอร์ ยี่ห้อ Dell รุ่น OPTIPLEX 390,7440-020-0007.375,ไม่มีหมายเลข,23 เม.ย. 56,1,ใช้ได้,ห้องมารีย๊ะ,คอมพิวเตอร์,ห้องปฏิบัติการ 1
388,คอมพิวเตอร์ ยี่ห้อ Dell รุ่น OPTIPLEX 390,7440-020-0007.364,ไม่มีหมายเลข,23 เม.ย. 56,1,ใช้ได้,ห้องจัดเก็บครุภัณฑ์คอมพิวเตอร์ (ใต้โต๊ะ),คอมพิวเตอร์,ห้องจัดเก็บครุภัณฑ์คอมพิวเตอร์
389,คอมพิวเตอร์ ยี่ห้อ Dell รุ่น OPTIPLEX 390,7110-006-17223,ไม่มีหมายเลข,23 เม.ย. 56,1,ใช้ได้,กทผ.7 ขอยืม 22 พ.ย. 66,คอมพิวเตอร์,หน้าลิฟท์ด้านหลัง
390,คอมพิวเตอร์ ยี่ห้อ Dell รุ่น OPTIPLEX 390,7110-006-17214,ไม่มีหมายเลข,23 เม.ย. 56,1,ใช้ได้,กทผ.7 ขอยืม 22 พ.ย. 66,คอมพิวเตอร์,หน้าลิฟท์ด้านหลัง
391,คอมพิวเตอร์ ยี่ห้อ Dell รุ่น OPTIPLEX 390,7440-020-0007.371,ไม่มีหมายเลข,23 เม.ย. 56,1,ใช้ได้,ห้องจัดเก็บครุภัณฑ์คอมพิวเตอร์ (ใต้โต๊ะ),คอมพิวเตอร์,ห้องจัดเก็บครุภัณฑ์คอมพิวเตอร์
392,คอมพิวเตอร์ ยี่ห้อ Dell รุ่น OPTIPLEX 390,7440-020-0007.363,ไม่มีหมายเลข,23 เม.ย. 56,1,ใช้ได้,ห้องปฏิบัติการ ๒ (โต๊ะพี่เป้),คอมพิวเตอร์,ห้องปฏิบัติการ 2
393,คอมพิวเตอร์ ยี่ห้อ Dell รุ่น OPTIPLEX 390,7440-020-0007.366,ไม่มีหมายเลข,23 เม.ย. 56,1,ใช้ได้,ห้องจัดเก็บครุภัณฑ์คอมพิวเตอร์,คอมพิวเตอร์,ห้องจัดเก็บครุภัณฑ์คอมพิวเตอร์
394,คอมพิวเตอร์ ยี่ห้อ Dell รุ่น OPTIPLEX 390,7110-006-18294,ไม่มีหมายเลข,23 เม.ย. 56,1,ใช้ได้,กทผ.7 ขอยืม 22 พ.ย. 66,คอมพิวเตอร์,หน้าลิฟท์ด้านหลัง
395,คอมพิวเตอร์ ยี่ห้อ Dell รุ่น OPTIPLEX 390,7440-010-6-0448,110000 003015 0,23 เม.ย. 56,1,ใช้ได้,กทผ.7 ขอยืม 22 พ.ย. 66,คอมพิวเตอร์,หน้าห้อง ผอ.ส่วน
396,คอมพิวเตอร์ ยี่ห้อ Dell รุ่น OPTIPLEX 390,7440-020-0007.367,ไม่มีหมายเลข,23 เม.ย. 56,1,ใช้ได้,ห้องปฏิบัติการ ๒ (โต๊ะมะยม),คอมพิวเตอร์,ห้องปฏิบัติการ 2
397,คอมพิวเตอร์ ยี่ห้อ Dell รุ่น OPTIPLEX 390,7110-013-1-363,ไม่มีหมายเลข,23 เม.ย. 56,1,ใช้ได้,กทผ.7 ขอยืม 22 พ.ย. 66,คอมพิวเตอร์,หน้าห้องน้ำ
398,คอมพิวเตอร์ ยี่ห้อ Dell รุ่น OPTIPLEX 390,7440-020-0007.372,ไม่มีหมายเลข,23 เม.ย. 56,1,ใช้ได้,ห้องจัดเก็บครุภัณฑ์คอมพิวเตอร์ (ใต้โต๊ะ),คอมพิวเตอร์,ห้องจัดเก็บครุภัณฑ์คอมพิวเตอร์
399,คอมพิวเตอร์ ยี่ห้อ Dell รุ่น OPTIPLEX 390,7440-020-0007.368,ไม่มีหมายเลข,23 เม.ย. 56,1,ใช้ได้,ห้องปฏิบัติการ ๒ (โต๊ะรัตน์),คอมพิวเตอร์,ห้องปฏิบัติการ 2
400,คอมพิวเตอร์ ยี่ห้อ Dell รุ่น OPTIPLEX 390,7125-002-0002 2536 3254TH,ไม่มีหมายเลข,23 เม.ย. 56,1,ใช้ได้,กทผ.7 ขอยืม 22 พ.ย. 66,คอมพิวเตอร์,ห้องปฏิบัติการ 1
401,คอมพิวเตอร์ ยี่ห้อ Dell รุ่น OPTIPLEX 390,7125-002-0003 2536 3254TH,ไม่มีหมายเลข,23 เม.ย. 56,1,ใช้ได้,กทผ.7 ขอยืม 22 พ.ย. 66,คอมพิวเตอร์,ห้องปฏิบัติการ 1
402,คอมพิวเตอร์ ยี่ห้อ Dell รุ่น OPTIPLEX 390,7440-020-0007.374,ไม่มีหมายเลข,23 เม.ย. 56,1,ใช้ได้,ห้องปฏิบัติการ ๒ (โต๊ะบิ๊ก),คอมพิวเตอร์,ห้องปฏิบัติการ 2
403,คอมพิวเตอร์ ยี่ห้อ Dell รุ่น OPTIPLEX 390,7440-020-0007.370,ไม่มีหมายเลข,23 เม.ย. 56,1,ชำรุด,ห้องจัดเก็บครุภัณฑ์คอมพิวเตอร์ (ใต้โต๊ะ) จัดซื้อทดแทน ปีงบประมาณ พ.ศ.2565,คอมพิวเตอร์,ห้องจัดเก็บครุภัณฑ์คอมพิวเตอร์
404,คอมพิวเตอร์ ยี่ห้อ Dell รุ่น OPTIPLEX 390,7110-007-9-1886,ไม่มีหมายเลข,23 เม.ย. 56,1,ชำรุด,กทผ.7 ขอยืม 22 พ.ย. 66,คอมพิวเตอร์,หน้าห้องประชุม
405,คอมพิวเตอร์ ยี่ห้อ Dell รุ่น Vostro,ไม่มีหมายเลข,ไม่มีหมายเลข,-,1,ใช้ได้,ห้องปฏิบัติการ 1 (โต๊ะแอฟ),คอมพิวเตอร์,ห้องปฏิบัติการ 1
406,คอมพิวเตอร์ ยี่ห้อ JV com 4,ไม่มีหมายเลข,ไม่มีหมายเลข,-,1,ใช้ได้,ห้องปฏิบัติการ ๒ (โต๊ะฝ้าย),คอมพิวเตอร์,ห้องปฏิบัติการ 2
407,คอมพิวเตอร์ ยี่ห้อ JV com 5,ไม่มีหมายเลข,ไม่มีหมายเลข,-,1,ใช้ได้,ห้องปฏิบัติการ ๒ (โต๊ะพรวิมล),คอมพิวเตอร์,ห้องปฏิบัติการ 2
408,คอมพิวเตอร์ ยี่ห้อ Lenovo รุ่น ThinkCentre M700,7440-013-2-4098,ไม่มีหมายเลข,-,1,ใช้ได้,ห้องปฏิบัติการ ๒ (โต๊ะจอม),คอมพิวเตอร์,ห้องปฏิบัติการ 2
409,คอมพิวเตอร์ ยี่ห้อ Lenovo รุ่น ThinkCentre M700,7440-013-2-4099,ไม่มีหมายเลข,-,1,ใช้ได้,ห้องปฏิบัติการ ๒ (โต๊ะฟลุ้ค),คอมพิวเตอร์,ห้องปฏิบัติการ 2
410,คอมพิวเตอร์ ยี่ห้อ Lenovo รุ่น ThinkCentre M700,7440-013-2-4100,ไม่มีหมายเลข,-,1,ใช้ได้,ห้องปฏิบัติการ ๒ (โต๊ะรัตน์),คอมพิวเตอร์,ห้องปฏิบัติการ 2
411,คอมพิวเตอร์ ยี่ห้อ MISSION รุ่น OPTIMA SRIES,7440-013-3083/2543,ไม่มีหมายเลข,21 ก.ค. 49,1,ใช้ได้,ห้องจัดเก็บครุภัณฑ์คอมพิวเตอร์ (ตู้บานเลื่อน),คอมพิวเตอร์,ห้องจัดเก็บครุภัณฑ์คอมพิวเตอร์
412,จอคอมพิวเตอร์ ยี่ห้อ Mission,7400-013-3087,ไม่มีหมายเลข,-,1,ชำรุด,ห้องเก็บของ,คอมพิวเตอร์,ห้องเก็บของ
413,จอคอมพิวเตอร์ ยี่ห้อ Acer,7110-006-17219,ไม่มีหมายเลข,-,1,ชำรุด,โต๊ะเพ็ญ,จอคอมพิวเตอร์,หน้าห้องประชุม
414,จอคอมพิวเตอร์ ยี่ห้อ Mission,7440-017-0201,ไม่มีหมายเลข,ธ.ค. 39,1,ชำรุด,ห้องเก็บของ ส่งคืนพัสดุชำรุด,จอคอมพิวเตอร์,ห้องเก็บของ
415,จอคอมพิวเตอร์ ยี่ห้อ Mission,7440-017-0202,ไม่มีหมายเลข,ธ.ค. 39,1,ชำรุด,ห้องเก็บของ,จอคอมพิวเตอร์,ห้องเก็บของ
416,จอคอมพิวเตอร์ ยี่ห้อ Acer,7400-013-3072,ไม่มีหมายเลข,2 ต.ค. 49,1,ชำรุด,ห้องเก็บของ,จอคอมพิวเตอร์,ห้องเก็บของ
417,จอคอมพิวเตอร์ ยี่ห้อ Acer,7440-013-6799.1/2554,ไม่มีหมายเลข,-,1,ชำรุด,ห้องเก็บของ,จอคอมพิวเตอร์,ห้องเก็บของ
418,จอคอมพิวเตอร์ ยี่ห้อ Mission,7400-013-3072,ไม่มีหมายเลข,2 ต.ค. 49,1,ชำรุด,ห้องเก็บของ ส่งคืนพัสดุชำรุด,จอคอมพิวเตอร์,ห้องเก็บของ
419,จอคอมพิวเตอร์ ยี่ห้อ Mission,7400-013-3079,ไม่มีหมายเลข,2 ต.ค. 49,1,ชำรุด,ห้องเก็บของ ส่งคืนพัสดุชำรุด,จอคอมพิวเตอร์,ห้องเก็บของ
420,จอคอมพิวเตอร์ ยี่ห้อ Mission,7110-006-17234,ไม่มีหมายเลข,2 ต.ค. 49,1,ชำรุด,โต๊ะสายัณห์,จอคอมพิวเตอร์,หน้าห้องประชุม
421,จอคอมพิวเตอร์ ยี่ห้อ Mission,7400-013-3092,ไม่มีหมายเลข,2 ต.ค. 49,1,ชำรุด,ห้องเก็บของ ส่งคืนพัสดุชำรุด,จอคอมพิวเตอร์,ห้องเก็บของ
422,จอคอมพิวเตอร์ ยี่ห้อ SVOA,6675-027-1509.2,ไม่มีหมายเลข,26 ต.ค. 49,1,ชำรุด,ห้องเก็บของ ส่งคืนพัสดุชำรุด,จอคอมพิวเตอร์,ห้องเก็บของ
423,จอคอมพิวเตอร์ ยี่ห้อ Mission,6675-027-1518.2,ไม่มีหมายเลข,18 ธ.ค. 50,1,ชำรุด,ห้องเก็บของ ส่งคืนพัสดุชำรุด,จอคอมพิวเตอร์,ห้องเก็บของ
424,จอคอมพิวเตอร์ ยี่ห้อ Mpp,7440-013-4497.1/2551,ไม่มีหมายเลข,-,1,ชำรุด,ห้องเก็บของ ส่งคืนพัสดุชำรุด,จอคอมพิวเตอร์,ห้องเก็บของ
425,จอคอมพิวเตอร์ Acer,7440-013-6806.1/2554,ไม่มีหมายเลข,5 พ.ย. 53,1,ชำรุด,ห้องเก็บของ ส่งคืนพัสดุชำรุด,จอคอมพิวเตอร์,ห้องเก็บของ
426,จอคอมพิวเตอร์ Acer,7440-013-6818.1/2554,ไม่มีหมายเลข,5 พ.ย. 53,1,ใช้ได้,ห้องปฏิบัติการ ๒ (โต๊ะปาริชาติ),จอคอมพิวเตอร์,ห้องปฏิบัติการ 2
427,จอคอมพิวเตอร์ Acer ,7440-013-6804.1/2554,ไม่มีหมายเลข,5 พ.ย. 53,1,ชำรุด,ห้องเก็บของ ส่งคืนพัสดุชำรุด,จอคอมพิวเตอร์,ห้องเก็บของ
428,จอคอมพิวเตอร์ Acer  รุ่น  V193HOL,7440-013-6799.1/2554,ไม่มีหมายเลข,5 พ.ย. 53,1,ชำรุด,ห้องเก็บของ ส่งคืนพัสดุชำรุด,จอคอมพิวเตอร์,ห้องเก็บของ
429,จอคอมพิวเตอร์ Acer  รุ่น  V193HOL,ไม่มีหมายเลข,ไม่มีหมายเลข,5 พ.ย. 53,1,ใช้ได้,ให้หน้าห้องท่านณรงค์ ๒๒ มิ.ย.๖๖,จอคอมพิวเตอร์,หน้าห้องประชุม
430,จอคอมพิวเตอร์ Acer  รุ่น  V193HOL,7440-020-0004.32.1,ไม่มีหมายเลข,5 พ.ย. 53,1,ใช้ได้,ห้องปฏิบัติการ ๓ ว่าง,จอคอมพิวเตอร์,ห้องปฏิบัติการ 3
431,จอคอมพิวเตอร์ Acer  รุ่น  V193W  ,7440-013-6797.1/2554,ไม่มีหมายเลข,5 พ.ย. 53,1,ใช้ได้,ห้องปฏิบัติการ ๓ ว่าง,จอคอมพิวเตอร์,ห้องปฏิบัติการ 3
432,จอคอมพิวเตอร์ Acer  รุ่น  V193W  ,7440-013-6800.1/2554,ไม่มีหมายเลข,5 พ.ย. 53,1,ใช้ได้,ห้องปฏิบัติการ 1 (โต๊ะใหม่),จอคอมพิวเตอร์,ห้องปฏิบัติการ 1
433,จอคอมพิวเตอร์ Acer  รุ่น  V193W  ,7440-013-6801.1/2554,ไม่มีหมายเลข,5 พ.ย. 53,1,ใช้ได้,ห้องปฏิบัติการ 3 (โต๊ะปูน),จอคอมพิวเตอร์,ห้องปฏิบัติการ 3
434,จอคอมพิวเตอร์ Acer  รุ่น  V193W  ,7440-013-6802.1/2554,ไม่มีหมายเลข,5 พ.ย. 53,1,ใช้ได้,ห้องปฏิบัติการ ๒ (โต๊ะมายด์),จอคอมพิวเตอร์,ห้องปฏิบัติการ 2
435,จอคอมพิวเตอร์ Acer  รุ่น  V193W  ,7440-013-6803.1/2554,ไม่มีหมายเลข,5 พ.ย. 53,1,ใช้ได้,ห้องปฏิบัติการ ๒ (โต๊ะนิว),จอคอมพิวเตอร์,ห้องปฏิบัติการ 2
436,จอคอมพิวเตอร์ Acer  รุ่น  V193W  ,7110-006-17251,ไม่มีหมายเลข,5 พ.ย. 53,1,ใช้ได้,กทผ. 5.4 (โต๊ะประนอม),จอคอมพิวเตอร์,ไม่สามารถระบุได้
437,จอคอมพิวเตอร์ Acer  รุ่น  V193W  ,7440-013-6808.1/2554,ไม่มีหมายเลข,5 พ.ย. 53,1,ชำรุด,ห้องเก็บของ ส่งคืนพัสดุชำรุด,จอคอมพิวเตอร์,ห้องเก็บของ
438,จอคอมพิวเตอร์ Acer  รุ่น  V193W  ,7440-013-6809.1/2554,ไม่มีหมายเลข,5 พ.ย. 53,1,ใช้ได้,ห้องปฏิบัติการ ๒ (โต๊ะว่าง),จอคอมพิวเตอร์,ห้องปฏิบัติการ 2
439,จอคอมพิวเตอร์ Acer  รุ่น  V193W  ,7440-013-6810.1/2554,ไม่มีหมายเลข,5 พ.ย. 53,1,ใช้ได้,ห้องปฏิบัติการ ๒ (โต๊ะก้อย),จอคอมพิวเตอร์,ห้องปฏิบัติการ 2
440,จอคอมพิวเตอร์ Acer  รุ่น  V193W  ,7440-013-6811.1/2554,ไม่มีหมายเลข,5 พ.ย. 53,1,ใช้ได้,ห้องปฏิบัติการ ๒ (โต๊ะสาว),จอคอมพิวเตอร์,ห้องปฏิบัติการ 2
441,จอคอมพิวเตอร์ Acer  รุ่น  V193W  ,7440-013-6812.1/2554,ไม่มีหมายเลข,5 พ.ย. 53,1,ชำรุด,ห้องเก็บของ ส่งคืนพัสดุชำรุด,จอคอมพิวเตอร์,ห้องเก็บของ
442,จอคอมพิวเตอร์ Acer  รุ่น  V193W  ,7440-013-6813.1/2554,ไม่มีหมายเลข,5 พ.ย. 53,1,ใช้ได้,ห้องปฏิบัติการ ๒ (โต๊ะสุวรรณ),จอคอมพิวเตอร์,ห้องปฏิบัติการ 2
443,จอคอมพิวเตอร์ Acer  รุ่น  V193W  ,7440-013-6814.1/2554,ไม่มีหมายเลข,5 พ.ย. 53,1,ใช้ได้,ห้องปฏิบัติการ ๓ ว่าง,จอคอมพิวเตอร์,ห้องปฏิบัติการ 3
444,จอคอมพิวเตอร์ Acer  รุ่น  V193W  ,7440-013-6815.1/2554,ไม่มีหมายเลข,5 พ.ย. 53,1,ชำรุด,ห้องเก็บของ ส่งคืนพัสดุชำรุด,จอคอมพิวเตอร์,ห้องเก็บของ
445,จอคอมพิวเตอร์ Acer  รุ่น  V193W  ,7110-006-17203,ไม่มีหมายเลข,5 พ.ย. 53,1,ใช้ได้,โต๊ะแท็บ,จอคอมพิวเตอร์,ไม่สามารถระบุได้
446,จอคอมพิวเตอร์ Acer  รุ่น  V193W  ,7440-013-6817.1/2554,ไม่มีหมายเลข,5 พ.ย. 53,1,ใช้ได้,ห้องปฏิบัติการ ๒ (โต๊ะแน็ต),จอคอมพิวเตอร์,ห้องปฏิบัติการ 2
447,จอคอมพิวเตอร์ Acer  รุ่น  V193W  ,7440-020-0002.10.1,ไม่มีหมายเลข,15 ส.ค. 57,1,ชำรุด,ห้องเก็บของ ส่งคืนพัสดุชำรุด,จอคอมพิวเตอร์,ห้องเก็บของ
448,อุปกรณ์กระจายสัญญาณ ยี่ห้อ Linksys รุ่น SR224,7110-007-1-126,ไม่มีหมายเลข,28 ส.ค. 65,1,ใช้ได้,หมายเลขเครื่อง REO 0051000700,จอคอมพิวเตอร์,หน้าห้องหน.เชา
449,จอคอมพิวเตอร์ Acer  รุ่น  V193W  ,7440-020-0002.11.1,ไม่มีหมายเลข,15 ส.ค. 57,1,ใช้ได้,ห้องปฏิบัติการ ๒ (โต๊ะฝ้าย),จอคอมพิวเตอร์,ห้องปฏิบัติการ 2
450,จอคอมพิวเตอร์ Acer  รุ่น  V193W  ,7440-020-0002.8.1,ไม่มีหมายเลข,15 ส.ค. 57,1,ใช้ได้,ห้องปฏิบัติการ ๒ (โต๊ะพี่เป้),จอคอมพิวเตอร์,ห้องปฏิบัติการ 2
451,จอคอมพิวเตอร์ Acer  รุ่น  V193W  ,7440-020-0002.9.1,ไม่มีหมายเลข,15 ส.ค. 57,1,ใช้ได้,ห้องปฏิบัติการ ๒ (โต๊ะก้อย),จอคอมพิวเตอร์,ห้องปฏิบัติการ 2
452,จอคอมพิวเตอร์ Acer  รุ่น  V193W  ,7440-020-0002.7.1,ไม่มีหมายเลข,15 ส.ค. 57,1,ใช้ได้,ห้องปฏิบัติการ ๒ (โต๊ะบิ๊ก),จอคอมพิวเตอร์,ห้องปฏิบัติการ 2
453,จอคอมพิวเตอร์ Acer  รุ่น  V193W  ,7440-020-0002.6.1,ไม่มีหมายเลข,15 ส.ค. 57,1,ใช้ได้,ห้องปฏิบัติการ ๒ (โต๊ะชมพู่),จอคอมพิวเตอร์,ห้องปฏิบัติการ 2
454,จอคอมพิวเตอร์ Acer  รุ่น  V193W  ,7440-020-0002.16.1,ไม่มีหมายเลข,15 ส.ค. 57,1,ใช้ได้,ห้องปฏิบัติการ ๒ (โต๊ะพี่เป้),จอคอมพิวเตอร์,ห้องปฏิบัติการ 2
455,จอคอมพิวเตอร์ Acer  รุ่น  V193W  ,7440-020-0002.17.1,ไม่มีหมายเลข,15 ส.ค. 57,1,ใช้ได้,ห้องปฏิบัติการ ๒ (โต๊ะฟลุ้ค),จอคอมพิวเตอร์,ห้องปฏิบัติการ 2
456,จอคอมพิวเตอร์ Acer  รุ่น  V193W  ,7440-013-6817.1/2557,ไม่มีหมายเลข,-,1,ใช้ได้,ห้องปฏิบัติการ 1 (โต๊ะธุรการ 5.2),จอคอมพิวเตอร์,ห้องปฏิบัติการ 1
457,จอคอมพิวเตอร์ Acer รุ่น Veriton M275,7440-013-6805.1/2554,ไม่มีหมายเลข,5 ก.พ. 59,1,ใช้ได้,ห้องปฏิบัติการ 1 (โต๊ะใหม่),จอคอมพิวเตอร์,ห้องปฏิบัติการ 1
458,จอคอมพิวเตอร์ Acer รุ่น Veriton M275,7440-020-0002.14.1,ไม่มีหมายเลข,5 ก.พ. 59,1,ใช้ได้,ห้องปฏิบัติการ 3 (โต๊ะณัฐวุฒิ สุวานิช),จอคอมพิวเตอร์,ห้องปฏิบัติการ 3
459,จอคอมพิวเตอร์ Acer รุ่น Veriton M275,7440-020-0001.11.1,ไม่มีหมายเลข,5 ก.พ. 59,1,ใช้ได้,ห้องปฏิบัติการ ๒ (โต๊ะแบต),จอคอมพิวเตอร์,ห้องปฏิบัติการ 2
460,จอคอมพิวเตอร์ Acer รุ่น Veriton M275,7440-020-0001.12.1,ไม่มีหมายเลข,5 ก.พ. 59,1,ใช้ได้,ห้องปฏิบัติการ ๒ (โต๊ะลูกคลื่น),จอคอมพิวเตอร์,ห้องปฏิบัติการ 2
461,จอคอมพิวเตอร์ Acer รุ่น Veriton M275,7440-020-0001.16.1,ไม่มีหมายเลข,5 ก.พ. 59,1,ใช้ได้,ห้องปฏิบัติการ ๒ (โต๊ะพิมพ์ชนก),จอคอมพิวเตอร์,ห้องปฏิบัติการ 2
462,จอคอมพิวเตอร์ Acer รุ่น Veriton M275,7440-115-0019.1/2551,ไม่มีหมายเลข,5 ก.พ. 59,1,ใช้ได้,โต๊ะสุริยา,จอคอมพิวเตอร์,ไม่สามารถระบุได้
463,จอคอมพิวเตอร์ Acer รุ่น Veriton M275,7440-013-6809.2/2554,ไม่มีหมายเลข,5 ก.พ. 59,1,ใช้ได้,โต๊ะเอี้ยง,จอคอมพิวเตอร์,ไม่สามารถระบุได้
464,จอคอมพิวเตอร์ Acer รุ่น Veriton M275,7440-020-0001.42.1,ไม่มีหมายเลข,5 ก.พ. 59,1,ใช้ได้,ห้องปฏิบัติการ 3 (โต๊ะพิทวัส),จอคอมพิวเตอร์,ห้องปฏิบัติการ 3
465,จอคอมพิวเตอร์ ATEC รุ่น PREMIER,7440-013-2990/2549,ไม่มีหมายเลข,22 มี.ค. 49,1,ชำรุด,ห้องเก็บของ ส่งคืนพัสดุชำรุด,จอคอมพิวเตอร์,ห้องเก็บของ
466,จอคอมพิวเตอร์ ATEC รุ่น PREMIER,7440-013-2991/2549,ไม่มีหมายเลข,22 มี.ค. 49,1,ชำรุด,ห้องเก็บของ ส่งคืนพัสดุชำรุด,จอคอมพิวเตอร์,ห้องเก็บของ
467,จอคอมพิวเตอร์ Dell,ไม่มีหมายเลข,ไม่มีหมายเลข,-,1,ใช้ได้,ห้องปฏิบัติการ 1 (โต๊ะแอฟ),จอคอมพิวเตอร์,ห้องปฏิบัติการ 1
468,จอคอมพิวเตอร์ Dell,ไม่มีหมายเลข,ไม่มีหมายเลข,-,1,ใช้ได้,ห้องปฏิบัติการ 1 (โต๊ะแอ๊ว),จอคอมพิวเตอร์,ห้องปฏิบัติการ 1
469,จอคอมพิวเตอร์ Dell รุ่น E1911,7440-020-0007.167,ไม่มีหมายเลข,23 เม.ย. 56,1,ใช้ได้,ห้องปฏิบัติการ ๒ (โต๊ะว่าง),จอคอมพิวเตอร์,ห้องปฏิบัติการ 2
470,จอคอมพิวเตอร์ Dell รุ่น E1911,7440-020-0007.424,ไม่มีหมายเลข,23 เม.ย. 56,1,ใช้ได้,ห้องปฏิบัติการ ๒ (โต๊ะนิว),จอคอมพิวเตอร์,ห้องปฏิบัติการ 2
471,จอคอมพิวเตอร์ Dell รุ่น E1911,7440-020-0007.49,ไม่มีหมายเลข,23 เม.ย. 56,1,ใช้ได้,ห้องปฏิบัติการ ๒ (โต๊ะแอร์),จอคอมพิวเตอร์,ห้องปฏิบัติการ 2
472,จอคอมพิวเตอร์ Dell รุ่น E1911,7440-020-0007.51,ไม่มีหมายเลข,23 เม.ย. 56,1,ใช้ได้,ห้องปฏิบัติการ ๒ (โต๊ะสิรินาถ),จอคอมพิวเตอร์,ห้องปฏิบัติการ 2
473,จอคอมพิวเตอร์ Dell รุ่น E1911,7440-020-0007.47,ไม่มีหมายเลข,23 เม.ย. 56,1,ใช้ได้,ห้องปฏิบัติการ ๒ (โต๊ะฝ้าย),จอคอมพิวเตอร์,ห้องปฏิบัติการ 2
474,จอคอมพิวเตอร์ Dell รุ่น E1911,7440-020-0007.420,ไม่มีหมายเลข,23 เม.ย. 56,1,ใช้ได้,ห้องปฏิบัติการ ๒ (โต๊ะเลิฟ),จอคอมพิวเตอร์,ห้องปฏิบัติการ 2
475,จอคอมพิวเตอร์ Dell รุ่น E1911,7110-003-8-0728,ไม่มีหมายเลข,23 เม.ย. 56,1,ใช้ได้,โต๊ะสุริยา,จอคอมพิวเตอร์,ไม่สามารถระบุได้
476,จอคอมพิวเตอร์ Dell รุ่น E1911,7440-020-0007.419,ไม่มีหมายเลข,23 เม.ย. 56,1,ใช้ได้,ห้องปฏิบัติการ 1 (โต๊ะแอน),จอคอมพิวเตอร์,ห้องปฏิบัติการ 1
477,จอคอมพิวเตอร์ Dell รุ่น E1911,7440-020-0007.166,ไม่มีหมายเลข,23 เม.ย. 56,1,ใช้ได้,ห้องปฏิบัติการ 1 (โต๊ะเลิฟ),จอคอมพิวเตอร์,ห้องปฏิบัติการ 1
478,จอคอมพิวเตอร์ Dell รุ่น E1911,7440-020-0007.425,ไม่มีหมายเลข,23 เม.ย. 56,1,ใช้ได้,ห้องปฏิบัติการ ๒ (โต๊ะสุวรรณ),จอคอมพิวเตอร์,ห้องปฏิบัติการ 2
479,จอคอมพิวเตอร์ Dell รุ่น E1911,7440-020-0007.418,ไม่มีหมายเลข,23 เม.ย. 56,1,ใช้ได้,ห้องปฏิบัติการ ๒ (โต๊ะว่าง),จอคอมพิวเตอร์,ห้องปฏิบัติการ 2
480,จอคอมพิวเตอร์ Dell รุ่น E1911,7440-020-0007.41,ไม่มีหมายเลข,23 เม.ย. 56,1,ใช้ได้,ห้องปฏิบัติการ ๒ (โต๊ะพิมพ์ชนก),จอคอมพิวเตอร์,ห้องปฏิบัติการ 2
481,จอคอมพิวเตอร์ Dell รุ่น E1911,7440-020-0007.421,ไม่มีหมายเลข,23 เม.ย. 56,1,ใช้ได้,ห้องปฏิบัติการ 1 (โต๊ะว่าง),จอคอมพิวเตอร์,ห้องปฏิบัติการ 1
482,จอคอมพิวเตอร์ Dell รุ่น E1911,7440-020-0007.165,ไม่มีหมายเลข,23 เม.ย. 56,1,ใช้ได้,ห้องปฏิบัติการ 1 (โต๊ะว่าง),จอคอมพิวเตอร์,ห้องปฏิบัติการ 1
483,จอคอมพิวเตอร์ Dell รุ่น E1911,7440-020-0007.422,ไม่มีหมายเลข,23 เม.ย. 56,1,ใช้ได้,ห้องปฏิบัติการ 1 (โต๊ะแอฟ),จอคอมพิวเตอร์,ห้องปฏิบัติการ 1
484,จอคอมพิวเตอร์ Dell รุ่น E1911,7440-020-0007.423,ไม่มีหมายเลข,23 เม.ย. 56,1,ใช้ได้,ห้องปฏิบัติการ 1 (โต๊ะแอนน้อย),จอคอมพิวเตอร์,ห้องปฏิบัติการ 1
485,จอคอมพิวเตอร์ Dell รุ่น E1911,7440-020-0007.36,ไม่มีหมายเลข,23 เม.ย. 56,1,ใช้ได้,ห้องปฏิบัติการ ๒ (โต๊ะหนุ่ย),จอคอมพิวเตอร์,ห้องปฏิบัติการ 2
486,จอคอมพิวเตอร์ Dell รุ่น E1911,7440-020-0007.417,ไม่มีหมายเลข,23 เม.ย. 56,1,ชำรุด,ห้องเก็บของ ส่งคืนพัสดุชำรุด,จอคอมพิวเตอร์,ห้องเก็บของ
487,จอคอมพิวเตอร์ Dell รุ่น OPTIPLEX 390,7440-020-0007.50,ไม่มีหมายเลข,23 เม.ย. 56,1,ใช้ได้,ห้องปฏิบัติการ ๒ (โต๊ะตึก),จอคอมพิวเตอร์,ห้องปฏิบัติการ 2
488,จอคอมพิวเตอร์ IBM ,7440-017-0183.3/2549,ไม่มีหมายเลข,29 พ.ค. 49,1,ชำรุด,ห้องเก็บของ ส่งคืนพัสดุชำรุด,จอคอมพิวเตอร์,ห้องเก็บของ
489,จอคอมพิวเตอร์ IBM ,7440-017-0183.1/2549,ไม่มีหมายเลข,29 พ.ค. 49,1,ชำรุด,ห้องเก็บของ ส่งคืนพัสดุชำรุด,จอคอมพิวเตอร์,ห้องเก็บของ
490,จอคอมพิวเตอร์ IBM ,7110-003-8-0729,ไม่มีหมายเลข,10 เม.ย. 51,1,ใช้ได้,หน้าห้องหัวหน้า กทผ. 5.2 ,จอคอมพิวเตอร์,ไม่สามารถระบุได้
491,จอคอมพิวเตอร์ Lenovo,7440-006-6742,ไม่มีหมายเลข,-,1,ใช้ได้,ห้องปฏิบัติการ ๒ (โต๊ะจอม),จอคอมพิวเตอร์,ห้องปฏิบัติการ 2
492,จอคอมพิวเตอร์ Lenovo,7440-006-6471,ไม่มีหมายเลข,-,1,ใช้ได้,โต๊ะธรรมรัตน์,จอคอมพิวเตอร์,ห้องปฏิบัติการ 2
493,จอคอมพิวเตอร์ Mission,7440-013-3059,ไม่มีหมายเลข,21 ก.ค. 49,1,ชำรุด,ห้องเก็บของ ส่งคืนพัสดุชำรุด,จอคอมพิวเตอร์,ห้องเก็บของ
494,จอคอมพิวเตอร์ Mission,7440-013-3096,ไม่มีหมายเลข,21 ก.ค. 49,1,ชำรุด,ห้องเก็บของ ส่งคืนพัสดุชำรุด,จอคอมพิวเตอร์,ห้องเก็บของ
495,จอคอมพิวเตอร์ Mission,7440-013-3098,ไม่มีหมายเลข,21 ก.ค. 49,1,ชำรุด,ห้องเก็บของ ส่งคืนพัสดุชำรุด,จอคอมพิวเตอร์,ห้องเก็บของ
496,ตู้เหล็ก 4 ชั้น (บานเลื่อนกระจก)  ,          7110-013-8-009 2536 3254 TH,ไม่มีหมายเลข,15 พ.ย. 36,1,ใช้ได้,ห้องประชุม,ตู้,ห้องประชุม
497,ตู้เหล็ก 5 ลิ้นชัก  ,7430-003-1183,ไม่มีหมายเลข,-,1,ใช้ได้,หน้าห้องประชุม,ตู้,ไม่สามารถระบุได้
498,ตู้เหล็กเก็บแบบฟอร์ม 7 ลิ้นชัก  ,ไม่มีหมายเลข,ไม่มีหมายเลข,26 ต.ค. 36,1,ใช้ได้,(ริมหน้าต่าง),ตู้,ไม่สามารถระบุได้
499,ตู้เหล็กเก็บแฟ้มสันกว้างแบบ 2 ชั้น,7110-013-8-1538,ไม่มีหมายเลข,31 ส.ค. 52,1,ใช้ได้,ห้องจัดเก็บครุภัณฑ์คอมพิวเตอร์(ระหว่างตู้เหล็ก),ตู้,ห้องจัดเก็บครุภัณฑ์คอมพิวเตอร์
500,ตู้เหล็กเก็บแฟ้มสันกว้างแบบ 2 ชั้น,7110-013-8-1539,ไม่มีหมายเลข,31 ส.ค. 52,1,ใช้ได้,ห้องปฏิบัติการ 1 (ธุรการ 5.2),ตู้,ห้องปฏิบัติการ 1
501,ตู้เหล็กเก็บแฟ้มสันกว้างแบบ 2 ชั้น,7110-013-8-1540,ไม่มีหมายเลข,31 ส.ค. 52,1,ใช้ได้,ห้องปฏิบัติการ 1 (ธุรการ 5.2),ตู้,ห้องปฏิบัติการ 1
502,ตู้เหล็กเก็บแฟ้มสันกว้างแบบ 2 ชั้น,7110-013-8-1541,ไม่มีหมายเลข,31 ส.ค. 52,1,ใช้ได้,ห้องจัดเก็บครุภัณฑ์คอมพิวเตอร์(ระหว่างตู้เหล็ก),ตู้,ห้องจัดเก็บครุภัณฑ์คอมพิวเตอร์
503,ตู้เหล็กเก็บเอกสารบานเลื่อนกระจกสีเทา  ,7110-013-8-010 2536 3254TH,ไม่มีหมายเลข,15 พ. ค. 36,1,ใช้ได้,ห้องจัดเก็บครุภัณฑ์คอมพิวเตอร์ (ติดผนัง),ตู้,ห้องจัดเก็บครุภัณฑ์คอมพิวเตอร์
504,ตู้เหล็กเก็บเอกสารบานเลื่อนกระจกสีเทา  ,7110-013-8-011 2536 3254TH,ไม่มีหมายเลข,15 พ. ค. 36,1,ใช้ได้,ห้องจัดเก็บครุภัณฑ์คอมพิวเตอร์ (ติดผนัง),ตู้,ห้องจัดเก็บครุภัณฑ์คอมพิวเตอร์
505,ตู้เหล็กเก็บเอกสารบานเลื่อนกระจกสีเทา  ,7110-013-8-012 2536 3254TH,ไม่มีหมายเลข,15 พ. ค. 36,1,ใช้ได้,ห้องปฏิบัติการ 1 (ธุรการ 5.2),ตู้,ห้องปฏิบัติการ 1
506,ตู้เหล็กเก็บเอกสารบานเลื่อนกระจกสีเทา  ,7110-013-8-013 2536 3254TH,ไม่มีหมายเลข,15 พ. ค. 36,1,ใช้ได้,ห้องจัดเก็บครุภัณฑ์คอมพิวเตอร์ (ติดผนัง),ตู้,ห้องจัดเก็บครุภัณฑ์คอมพิวเตอร์
507,ตู้เหล็กเก็บเอกสารบานเลื่อนกระจกสีเทา  ,7110-013-8-015 2536 3254TH,ไม่มีหมายเลข,15 พ. ค. 36,1,ใช้ได้,ห้องปฏิบัติการ 1 (ธุรการ 5.2),ตู้,ห้องปฏิบัติการ 1
508,ตู้เหล็กเก็บเอกสารบานเลื่อนกระจกสีเทา  ,7110-013-8-016 2536 3254TH,ไม่มีหมายเลข,15 พ. ค. 36,1,ใช้ได้,ห้องจัดเก็บครุภัณฑ์คอมพิวเตอร์ (ติดผนัง),ตู้,ห้องจัดเก็บครุภัณฑ์คอมพิวเตอร์
509,ตู้เหล็กเก็บเอกสารบานเลื่อนกระจกสีเทา  ,7110-013-8-017 2536 3254TH,ไม่มีหมายเลข,15 พ. ค. 36,1,ใช้ได้,ห้องประชุม,ตู้,ห้องประชุม
510,ตู้เหล็กขนาด 12 ช่อง (Locker),5804-001-0497.2543,ไม่มีหมายเลข,2536,1,ใช้ได้,หน้าห้องปฏิบัติการ 1 (ติดประตู),ตู้,ไม่สามารถระบุได้
511,ตู้เหล็กขนาด 12 ช่อง (Locker),7110-013-1-612,ไม่มีหมายเลข,2536,1,ใช้ได้,หน้าห้องปฏิบัติการ 1 (ติดประตู),ตู้,ไม่สามารถระบุได้
512,สำรองไฟ (UPS)  ยี่ห้อ Belite รุ่น IC-800I,7440-020-0007.428,ไม่มีหมายเลข,23 เม.ย. 56,1,ใช้ได้,ห้องปฏิบัติการ ๒ (ว่าง),สำรองไฟ (UPS),ห้องปฏิบัติการ 2
513,สำรองไฟ (UPS)  ยี่ห้อ Belite รุ่น IC-800I,7440-020-0007.445,ไม่มีหมายเลข,23 เม.ย. 56,1,ชำรุด,ห้องจัดเก็บครุภัณฑ์คอมพิวเตอร์,สำรองไฟ (UPS),ห้องจัดเก็บครุภัณฑ์คอมพิวเตอร์
514,สำรองไฟ (UPS)  ยี่ห้อ Belite รุ่น IC-800I,7440-020-0007.431,ไม่มีหมายเลข,23 เม.ย. 56,1,ชำรุด,ห้องเก็บของ ส่งคืนพัสดุชำรุด,สำรองไฟ (UPS),ห้องเก็บของ
515,สำรองไฟ (UPS)  ยี่ห้อ Belite รุ่น IC-800I,7440-020-0007.441,ไม่มีหมายเลข,23 เม.ย. 56,1,ชำรุด,ห้องจัดเก็บครุภัณฑ์คอมพิวเตอร์,สำรองไฟ (UPS),ห้องจัดเก็บครุภัณฑ์คอมพิวเตอร์
516,สำรองไฟ (UPS)  ยี่ห้อ Belite รุ่น IC-800I,7440-020-0007.438,ไม่มีหมายเลข,23 เม.ย. 56,1,ชำรุด,ห้องจัดเก็บครุภัณฑ์คอมพิวเตอร์,สำรองไฟ (UPS),ห้องจัดเก็บครุภัณฑ์คอมพิวเตอร์
517,สำรองไฟ (UPS)  ยี่ห้อ Belite รุ่น IC-800I,7440-020-0007.434,ไม่มีหมายเลข,23 เม.ย. 56,1,ใช้ได้,ห้องจัดเก็บครุภัณฑ์คอมพิวเตอร์ (ใต้โต๊ะ),สำรองไฟ (UPS),ห้องจัดเก็บครุภัณฑ์คอมพิวเตอร์
518,สำรองไฟ (UPS)  ยี่ห้อ Belite รุ่น IC-800I,7440-020-0007.440,ไม่มีหมายเลข,23 เม.ย. 56,1,ใช้ได้,ห้องปฏิบัติการ  (ลูกคลื่น),สำรองไฟ (UPS),ห้องปฏิบัติการ 2
519,สำรองไฟ (UPS)  ยี่ห้อ Belite รุ่น IC-800I,7440-020-0007.439,ไม่มีหมายเลข,23 เม.ย. 56,1,ใช้ได้,ห้องปฏิบัติการ 3 (โต๊ะอธินี),สำรองไฟ (UPS),ห้องปฏิบัติการ 3
520,สำรองไฟ (UPS)  ยี่ห้อ Belite รุ่น IC-800I,7440-020-0007.444,ไม่มีหมายเลข,23 เม.ย. 56,1,ใช้ได้,ห้องปฏิบัติการ ๒ (โต๊ะฟลุ้ค),สำรองไฟ (UPS),ห้องปฏิบัติการ 2
521,สำรองไฟ (UPS)  ยี่ห้อ Belite รุ่น IC-800I,7110-006-17197,ไม่มีหมายเลข,23 เม.ย. 56,1,ใช้ได้,โต๊ะว่าง,สำรองไฟ (UPS),ไม่สามารถระบุได้
522,สำรองไฟ (UPS)  ยี่ห้อ Belite รุ่น IC-800I,7440-020-0007.429,ไม่มีหมายเลข,23 เม.ย. 56,1,ชำรุด,ห้องเก็บของ ส่งคืนพัสดุชำรุด,สำรองไฟ (UPS),ห้องเก็บของ
523,สำรองไฟ (UPS)  ยี่ห้อ Belite รุ่น IC-800I,7440-020-0007.433,ไม่มีหมายเลข,23 เม.ย. 56,1,ใช้ได้,ห้องปฏิบัติการ 1 (โต๊ะใหม่),สำรองไฟ (UPS),ห้องปฏิบัติการ 1
524,สำรองไฟ (UPS)  ยี่ห้อ Belite รุ่น IC-800I,7110-006-17224,ไม่มีหมายเลข,23 เม.ย. 56,1,ใช้ได้,ห้องปฏิบัติการ  (โต๊ะว่าง),สำรองไฟ (UPS),ไม่สามารถระบุได้
525,สำรองไฟ (UPS)  ยี่ห้อ Belite รุ่น IC-800I,7440-013-3066.1,ไม่มีหมายเลข,23 เม.ย. 56,1,ใช้ได้,โต๊ะเจนพิธีกร,สำรองไฟ (UPS),ไม่สามารถระบุได้
526,สำรองไฟ (UPS)  ยี่ห้อ Belite รุ่น IC-800I,7440-020-0007.443,ไม่มีหมายเลข,23 เม.ย. 56,1,ใช้ได้,ห้องปฏิบัติการ ๒ (โต๊ะพิมพ์ชนก),สำรองไฟ (UPS),ห้องปฏิบัติการ 2
527,สำรองไฟ (UPS)  ยี่ห้อ Belite รุ่น IC-800I,7440-020-0007.435,ไม่มีหมายเลข,23 เม.ย. 56,1,ใช้ได้,ห้องปฏิบัติการ ๒ (โต๊ะก้อย),สำรองไฟ (UPS),ห้องปฏิบัติการ 2
528,สำรองไฟ (UPS)  ยี่ห้อ Belite รุ่น IC-800I,7440-020-0007.437,ไม่มีหมายเลข,23 เม.ย. 56,1,ชำรุด,ห้องจัดเก็บครุภัณฑ์คอมพิวเตอร์,สำรองไฟ (UPS),ห้องจัดเก็บครุภัณฑ์คอมพิวเตอร์
529,สำรองไฟ (UPS)  ยี่ห้อ Belite รุ่น IC-800I,7440-020-0007.436,ไม่มีหมายเลข,23 เม.ย. 56,1,ใช้ได้,ห้องปฏิบัติการ ๒ (โต๊ะว่าง),สำรองไฟ (UPS),ห้องปฏิบัติการ 2
530,สำรองไฟ (UPS)  ยี่ห้อ SmartPower รุ่น ICON800i,7440-020-0004.23.2,ไม่มีหมายเลข,5 พ.ย. 53,1,ชำรุด,ห้องเก็บของ ส่งคืนพัสดุชำรุด,สำรองไฟ (UPS),ห้องเก็บของ
531,สำรองไฟ (UPS)  ยี่ห้อ SmartPower รุ่น ICON800i,7440-020-0004-21.2,ไม่มีหมายเลข,5 ก.พ. 59,1,ใช้ได้,ห้องปฏิบัติการ 3 (โต๊ะณัฐวุฒิ สุวานิช),สำรองไฟ (UPS),ห้องปฏิบัติการ 3
532,สำรองไฟ (UPS)  ยี่ห้อ SmartPower รุ่น ICON800i,7440-020-0004.27.2,ไม่มีหมายเลข,23 เม.ย. 56,1,ชำรุด,ห้องจัดเก็บครุภัณฑ์คอมพิวเตอร์ (ใต้โต๊ะ),สำรองไฟ (UPS),ห้องจัดเก็บครุภัณฑ์คอมพิวเตอร์
533,สำรองไฟ (UPS)  ยี่ห้อ SmartPower รุ่น ICON800i,7440-020-0002.8.2,ไม่มีหมายเลข,15 ส.ค. 57,1,ใช้ได้,ห้องจัดเก็บครุภัณฑ์คอมพิวเตอร์,สำรองไฟ (UPS),ห้องจัดเก็บครุภัณฑ์คอมพิวเตอร์
534,สำรองไฟ (UPS)  ยี่ห้อ SmartPower รุ่น ICON800i,7440-020-0002.15.2,ไม่มีหมายเลข,5 ก.พ. 59,1,ใช้ได้,ห้องปฏิบัติการ ๒ (โต๊ะปราย),สำรองไฟ (UPS),ห้องปฏิบัติการ 2
535,สำรองไฟ (UPS)  ยี่ห้อ SmartPower รุ่น ICON800i,7440-020-0002.14.2,ไม่มีหมายเลข,15 ส.ค. 57,1,ชำรุด,ห้องจัดเก็บครุภัณฑ์คอมพิวเตอร์,สำรองไฟ (UPS),ห้องจัดเก็บครุภัณฑ์คอมพิวเตอร์
536,สำรองไฟ (UPS)  ยี่ห้อ SmartPower รุ่น ICON800i,7440-020-0002.7.2,ไม่มีหมายเลข,15 ส.ค. 57,1,ใช้ได้,ห้องปฏิบัติการ ๒ (โต๊ะเป้),สำรองไฟ (UPS),ห้องปฏิบัติการ 2
537,สำรองไฟ (UPS)  ยี่ห้อ SmartPower รุ่น ICON800i,7440-020-0002.16.2,ไม่มีหมายเลข,15 ส.ค. 57,1,ใช้ได้,ห้องปฏิบัติการ ๒ (โต๊ะว่าง),สำรองไฟ (UPS),ห้องปฏิบัติการ 2
538,สำรองไฟ (UPS)  ยี่ห้อ SmartPower รุ่น ICON800i,7440-020-0002.82.2,ไม่มีหมายเลข,5 ก.พ. 59,1,ใช้ได้,ห้องปฏิบัติการ 3 (โต๊ะปุณยวีร์),สำรองไฟ (UPS),ห้องปฏิบัติการ 3
539,สำรองไฟ (UPS)  ยี่ห้อ SmartPower รุ่น ICON800i,7440-020-0002.11.2,ไม่มีหมายเลข,15 ส.ค. 57,1,ใช้ได้,ห้องปฏิบัติการ 3 (โต๊ะว่าง),สำรองไฟ (UPS),ห้องปฏิบัติการ 3
540,สำรองไฟ (UPS)  ยี่ห้อ SmartPower รุ่น ICON800i,7440-020-0001.106.2,ไม่มีหมายเลข,15 ส.ค. 57,1,ใช้ได้,วางหลังมารีย๊ะ,สำรองไฟ (UPS),ห้องปฏิบัติการ 1
541,สำรองไฟ (UPS)  ยี่ห้อ SmartPower รุ่น ICON800i,7440-017-5-1071,ไม่มีหมายเลข,15 ส.ค. 57,1,ใช้ได้,กทผ. 5.1 (โต๊ะห้องมารีย๊ะ),สำรองไฟ (UPS),ห้องจัดเก็บครุภัณฑ์คอมพิวเตอร์
542,สำรองไฟ (UPS)  ยี่ห้อ SmartPower รุ่น ICON800i,7440-020-0001.11.2,ไม่มีหมายเลข,5 ก.พ. 59,1,ใช้ได้,ห้องปฏิบัติการ ๒ (โต๊ะปาริชาติ),สำรองไฟ (UPS),ห้องปฏิบัติการ 2
543,สำรองไฟ (UPS)  ยี่ห้อ SmartPower รุ่น ICON800i,7440-020-0001.113.2,ไม่มีหมายเลข,5 ก.พ. 59,1,ใช้ได้,ห้องปฏิบัติการ ๒ (โต๊ะโสมวรรณ),สำรองไฟ (UPS),ห้องปฏิบัติการ 2
544,สำรองไฟ (UPS)  ยี่ห้อ SmartPower รุ่น ICON800i,7440-020-001.114.2,ไม่มีหมายเลข,5 ก.พ. 59,1,ใช้ได้,ห้องปฏิบัติการ ๒ (โต๊ะแอร์),สำรองไฟ (UPS),ห้องปฏิบัติการ 2
545,สำรองไฟ (UPS)  ยี่ห้อ SmartPower รุ่น ICON800i,7440-020-0001.115.2,ไม่มีหมายเลข,5 ก.พ. 59,1,ใช้ได้,ห้องปฏิบัติการ 3 (โต๊ะณัฐวุฒิ อนันต์),สำรองไฟ (UPS),ห้องปฏิบัติการ 3
546,สำรองไฟ (UPS)  ยี่ห้อ SmartPower รุ่น ICON800i,7440-020-0001.116.2,ไม่มีหมายเลข,5 ก.พ. 59,1,ชำรุด,ห้องจัดเก็บครุภัณฑ์คอมพิวเตอร์,สำรองไฟ (UPS),ห้องจัดเก็บครุภัณฑ์คอมพิวเตอร์
547,สำรองไฟ (UPS)  ยี่ห้อ SmartPower รุ่น ICON800i,7440-020-0001.117.2,ไม่มีหมายเลข,5 ก.พ. 59,1,ใช้ได้,ห้องปฏิบัติการ ๒ (โต๊ะมะยม),สำรองไฟ (UPS),ห้องปฏิบัติการ 2
548,สำรองไฟ (UPS)  ยี่ห้อ SmartPower รุ่น ICON800i,7440-020-0001.118.2,ไม่มีหมายเลข,5 ก.พ. 59,1,ชำรุด,ห้องปฏิบัติการ 3 (โต๊ะว่าง),สำรองไฟ (UPS),ห้องปฏิบัติการ 3
549,สำรองไฟ (UPS)  ยี่ห้อ SmartPower รุ่น ICON800i,7440-020-0001.119.2,ไม่มีหมายเลข,5 ก.พ. 59,1,ชำรุด,ห้องเก็บของ ส่งคืนพัสดุชำรุด,สำรองไฟ (UPS),ห้องเก็บของ
550,สำรองไฟ (UPS)  ยี่ห้อ SmartPower รุ่น ICON800i,7440-020-0001.120.2,ไม่มีหมายเลข,5 ก.พ. 59,1,ใช้ได้,ห้องปฏิบัติการ 3 (โต๊ะหลิว),สำรองไฟ (UPS),ห้องปฏิบัติการ 3
551,สำรองไฟ (UPS)  ยี่ห้อ SmartPower รุ่น ICON800i,7440-020-0001.121.2,ไม่มีหมายเลข,5 ก.พ. 59,1,ใช้ได้,ห้องปฏิบัติการ ๒ (โต๊ะชมพู่),สำรองไฟ (UPS),ห้องปฏิบัติการ 2
552,สำรองไฟ (UPS)  ยี่ห้อ SmartPower รุ่น ICON800i,7440-020-0002.12.2,ไม่มีหมายเลข,5 ก.พ. 59,1,ใช้ได้,ห้องปฏิบัติการ 3 (โต๊ะจิตรานุช),สำรองไฟ (UPS),ห้องปฏิบัติการ 3
553,สำรองไฟ (UPS)  ยี่ห้อ SmartPower รุ่น ICON800i,7440-020-0001.123.2,ไม่มีหมายเลข,5 ก.พ. 59,1,ชำรุด,ห้องเก็บของ ส่งคืนพัสดุชำรุด,สำรองไฟ (UPS),ห้องเก็บของ
554,สำรองไฟ (UPS)  ยี่ห้อ SmartPower รุ่น ICON800i,7440-020-0001.125.2,ไม่มีหมายเลข,5 ก.พ. 59,1,ใช้ได้,ห้องปฏิบัติการ ๒ (โต๊ะหญิง),สำรองไฟ (UPS),ห้องปฏิบัติการ 2
555,สำรองไฟ (UPS)  ยี่ห้อ SmartPower รุ่น ICON800i,7440-020-0001.126.2,ไม่มีหมายเลข,5 ก.พ. 59,1,ใช้ได้,ห้องจัดเก็บครุภัณฑ์คอมพิวเตอร์ (ใต้โต๊ะ),สำรองไฟ (UPS),ห้องจัดเก็บครุภัณฑ์คอมพิวเตอร์
556,สำรองไฟ (UPS)  ยี่ห้อ SmartPower รุ่น ICON800i,7440-020-0001.131.2,ไม่มีหมายเลข,5 ก.พ. 59,1,ใช้ได้,ห้องปฏิบัติการ 3 (โต๊ะปูน),สำรองไฟ (UPS),ห้องปฏิบัติการ 3
557,สำรองไฟ (UPS)  ยี่ห้อ SmartPower รุ่น ICON800i,7440-020-0001.133.2,ไม่มีหมายเลข,5 ก.พ. 59,1,ใช้ได้,ห้องปฏิบัติการ ๒ (โต๊ะมายด์),สำรองไฟ (UPS),ห้องปฏิบัติการ 2
558,สำรองไฟ (UPS)  ยี่ห้อ SmartPower รุ่น ICON800i,7440-020-0001.134.2,ไม่มีหมายเลข,5 ก.พ. 59,1,ใช้ได้,ห้องปฏิบัติการ 3 (โต๊ะว่าง),สำรองไฟ (UPS),ห้องปฏิบัติการ 3
559,สำรองไฟ (UPS)  ยี่ห้อ SmartPower รุ่น ICON800i,7440-020-0001.135.2,ไม่มีหมายเลข,5 ก.พ. 59,1,ใช้ได้,ห้องปฏิบัติการ 3 (โต๊ะฤทธิชัย),สำรองไฟ (UPS),ห้องปฏิบัติการ 3
560,สำรองไฟ (UPS)  ยี่ห้อ SmartPower รุ่น ICON800i,7440-020-0002.24.2,ไม่มีหมายเลข,5 ก.พ. 59,1,ใช้ได้,ห้องปฏิบัติการ 3 (โต๊ะบิ๊ก),สำรองไฟ (UPS),ห้องปฏิบัติการ 3
561,สำรองไฟ (UPS)  ยี่ห้อ SmartPower รุ่น ICON800i,7440-020-0002.25.2,ไม่มีหมายเลข,5 ก.พ. 59,1,ชำรุด,ห้องจัดเก็บครุภัณฑ์คอมพิวเตอร์ (ใต้โต๊ะ),สำรองไฟ (UPS),ห้องจัดเก็บครุภัณฑ์คอมพิวเตอร์
562,สำรองไฟ (UPS)  ยี่ห้อ Syndome รุ่น Gold-800,7440-013-6797.2/2554,ไม่มีหมายเลข,5 พ.ย. 53,1,ใช้ได้,ห้องปฏิบัติการ ๒ (โต๊ะตึก),สำรองไฟ (UPS),ห้องปฏิบัติการ 2
563,สำรองไฟ (UPS)  ยี่ห้อ Syndome รุ่น Gold-800,7440-013-6798.2/2554,ไม่มีหมายเลข,5 พ.ย. 53,1,ชำรุด,ห้องจัดเก็บครุภัณฑ์คอมพิวเตอร์ ,สำรองไฟ (UPS),ห้องจัดเก็บครุภัณฑ์คอมพิวเตอร์
564,สำรองไฟ (UPS)  ยี่ห้อ Syndome รุ่น Gold-800,7440-013-6799.2/2554,ไม่มีหมายเลข,5 พ.ย. 53,1,ชำรุด,ห้องจัดเก็บครุภัณฑ์คอมพิวเตอร์ ,สำรองไฟ (UPS),ห้องจัดเก็บครุภัณฑ์คอมพิวเตอร์
565,สำรองไฟ (UPS)  ยี่ห้อ Syndome รุ่น Gold-800,7440-013-6801.2/2554,ไม่มีหมายเลข,5 พ.ย. 53,1,ใช้ได้,ห้องปฏิบัติการ 1 (โต๊ะแอ๊ว),สำรองไฟ (UPS),ห้องปฏิบัติการ 1
566,สำรองไฟ (UPS)  ยี่ห้อ Syndome รุ่น Gold-800,7440-013-6802.2/2554,ไม่มีหมายเลข,5 พ.ย. 53,1,ใช้ได้,ห้องปฏิบัติการ ๒ (โต๊ะแบต),สำรองไฟ (UPS),ห้องปฏิบัติการ 2
567,สำรองไฟ (UPS)  ยี่ห้อ Syndome รุ่น Gold-800,7440-013-6803.2/2554,ไม่มีหมายเลข,5 พ.ย. 53,1,ใช้ได้,ห้องปฏิบัติการ 3 (โต๊ะว่าง),สำรองไฟ (UPS),ห้องปฏิบัติการ 3
568,สำรองไฟ (UPS)  ยี่ห้อ Syndome รุ่น Gold-800,7440-013-6805.2/2554,ไม่มีหมายเลข,5 พ.ย. 53,1,ใช้ได้,ห้องปฏิบัติการ 3 (โต๊ะรัญชิดา),สำรองไฟ (UPS),ห้องปฏิบัติการ 3
569,สำรองไฟ (UPS)  ยี่ห้อ Syndome รุ่น Gold-800,7440-013-7071.2,ไม่มีหมายเลข,5 พ.ย. 53,1,ชำรุด,ห้องจัดเก็บครุภัณฑ์คอมพิวเตอร์ ,สำรองไฟ (UPS),ห้องจัดเก็บครุภัณฑ์คอมพิวเตอร์
570,สำรองไฟ (UPS)  ยี่ห้อ Syndome รุ่น Gold-800,7440-013-7062.2,ไม่มีหมายเลข,5 พ.ย. 53,1,ใช้ได้,ห้องปฏิบัติการ 3 (โต๊ะกอบชัย),สำรองไฟ (UPS),ห้องปฏิบัติการ 3
571,สำรองไฟ (UPS)  ยี่ห้อ Syndome รุ่น Gold-800,7440-013-6808.2/2554,ไม่มีหมายเลข,23 เม.ย. 56,1,ใช้ได้,ห้องปฏิบัติการ 1 (โต๊ะแอฟ),สำรองไฟ (UPS),ห้องปฏิบัติการ 1
572,สำรองไฟ (UPS)  ยี่ห้อ Syndome รุ่น Gold-800,7440-013-3072.1,ไม่มีหมายเลข,5 พ.ย. 53,1,ใช้ได้,หน้าห้องหัวหน้า กทผ. 5.2 ,สำรองไฟ (UPS),ไม่สามารถระบุได้
573,สำรองไฟ (UPS)  ยี่ห้อ Syndome รุ่น Gold-800,7440-013-6810.2/2554,ไม่มีหมายเลข,5 พ.ย. 53,1,ใช้ได้,ห้องเก็บของ ส่งคืนพัสดุชำรุด,สำรองไฟ (UPS),ห้องเก็บของ
574,สำรองไฟ (UPS)  ยี่ห้อ Syndome รุ่น Gold-800,7440-013-6811.2/2554,ไม่มีหมายเลข,5 พ.ย. 53,1,ใช้ได้,ห้องปฏิบัติการ 1 (โต๊ะแอน),สำรองไฟ (UPS),ห้องปฏิบัติการ 1
575,สำรองไฟ (UPS)  ยี่ห้อ Syndome รุ่น Gold-800,7440-013-6812.2/2554,ไม่มีหมายเลข,5 พ.ย. 53,1,ใช้ได้,ห้องปฏิบัติการ 3 (โต๊ะเทพบดินทร์),สำรองไฟ (UPS),ห้องปฏิบัติการ 3
576,สำรองไฟ (UPS)  ยี่ห้อ Syndome รุ่น Gold-800,7440-013-7064.2,ไม่มีหมายเลข,5 พ.ย. 53,1,ใช้ได้,ห้องปฏิบัติการ 3 (โต๊ะสิรินาถ),สำรองไฟ (UPS),ห้องปฏิบัติการ 3
577,สำรองไฟ (UPS)  ยี่ห้อ Syndome รุ่น Gold-800,7440-013-6818.2/2554,ไม่มีหมายเลข,5 พ.ย. 53,1,ชำรุด,ห้องปฏิบัติการ 3 (โต๊ะพิทวัส),สำรองไฟ (UPS),ห้องปฏิบัติการ 3
578,สำรองไฟ (UPS)  ยี่ห้อ Syndome รุ่น Star series ,7440-013-7543.2,ไม่มีหมายเลข,-,1,ชำรุด,ห้องปฏิบัติการ 3 (โต๊ะนิสสัน),สำรองไฟ (UPS),ห้องปฏิบัติการ 3
579,สำรองไฟ (UPS)  ยี่ห้อ Syndome รุ่น Star series ,ไม่มีหมายเลข,ไม่มีหมายเลข,-,1,ชำรุด,ห้องจัดเก็บครุภัณฑ์คอมพิวเตอร์ (ใต้โต๊ะ),สำรองไฟ (UPS),ห้องจัดเก็บครุภัณฑ์คอมพิวเตอร์
580,สำรองไฟ (UPS)  ยี่ห้อ Syndome รุ่น Star series ,ไม่มีหมายเลข,ไม่มีหมายเลข,-,1,ชำรุด,ห้องจัดเก็บครุภัณฑ์คอมพิวเตอร์ (ใต้โต๊ะ),สำรองไฟ (UPS),ห้องจัดเก็บครุภัณฑ์คอมพิวเตอร์
581,สำรองไฟ (UPS)  ยี่ห้อ Syndome รุ่น Star series ,ไม่มีหมายเลข,ไม่มีหมายเลข,-,1,ชำรุด,ห้องจัดเก็บครุภัณฑ์คอมพิวเตอร์ (ใต้โต๊ะ),สำรองไฟ (UPS),ห้องจัดเก็บครุภัณฑ์คอมพิวเตอร์
582,สำรองไฟ (UPS)  ยี่ห้อ Syndome รุ่น Star series ,ไม่มีหมายเลข,ไม่มีหมายเลข,-,1,ชำรุด,ห้องจัดเก็บครุภัณฑ์คอมพิวเตอร์ (ใต้โต๊ะ),สำรองไฟ (UPS),ห้องจัดเก็บครุภัณฑ์คอมพิวเตอร์
583,สำรองไฟ (UPS)  ยี่ห้อ UPS 1000 VA 'PCM',6115-004-1-2457,ไม่มีหมายเลข,6 ก.ย. 53,1,ชำรุด,ห้องจัดเก็บครุภัณฑ์คอมพิวเตอร์ (ใต้โต๊ะ),สำรองไฟ (UPS),ห้องจัดเก็บครุภัณฑ์คอมพิวเตอร์
584,สำรองไฟ (UPS)  ยี่ห้อ UPS 1000 VA 'PCM',6115-004-1-2461,ไม่มีหมายเลข,6 ก.ย. 53,1,ชำรุด,ห้องปฏิบัติการ 3 (โต๊ะนิรดา),สำรองไฟ (UPS),ห้องปฏิบัติการ 3
585,สำรองไฟ (UPS)  ยี่ห้อ UPS 1000 VA 'PCM',6115-004-1-2464,ไม่มีหมายเลข,6 ก.ย. 53,1,ชำรุด,ห้องปฏิบัติการ 3 (โต๊ะนพรัตน์),สำรองไฟ (UPS),ห้องปฏิบัติการ 3
586,สำรองไฟ ยี่ห้อ D๓ รุ่น DDI-500,6115-004-1-131/2543,ไม่มีหมายเลข,มิ.ย. ๔3,1,ชำรุด,ห้องเก็บของ,สำรองไฟ (UPS),ห้องเก็บของ
587,สำรองไฟ ยี่ห้อ Leonics,6115-004-1-1-1301,ไม่มีหมายเลข,26 มิ.ย. 49,1,ชำรุด,ห้องจัดเก็บครุภัณฑ์คอมพิวเตอร์ ,สำรองไฟ (UPS),ห้องจัดเก็บครุภัณฑ์คอมพิวเตอร์
588,สำรองไฟ  ยี่ห้อ Deltech,7440-020-0002.25.2,ไม่มีหมายเลข,,1,ชำรุด,ห้องจัดเก็บครุภัณฑ์คอมพิวเตอร์ ,สำรองไฟ (UPS),ห้องจัดเก็บครุภัณฑ์คอมพิวเตอร์
589,คอมพิวเตอร์ ยี่ห้อ SVOA,6675-027-1507.1/2551,ไม่มีหมายเลข,,1,ชำรุด,ห้องประชุม จัดซื้อทดแทน ปีงบประมาณ พ.ศ.2565,คอมพิวเตอร์,ห้องประชุม
590,จอคอมพิวเตอร์ ยี่ห้อ HP ,7440-020-0001.60.1,ไม่มีหมายเลข,,1,ชำรุด,ห้องเก็บของ ส่งคืนพัสดุชำรุด,คอมพิวเตอร์,ห้องเก็บของ
591,คอมพิวเตอร์ ยี่ห้อ ACER,6675-027-1355.1,ไม่มีหมายเลข,ธ.ค. 36,1,ชำรุด,ห้องประชุม จัดซื้อทดแทน ปีงบประมาณ พ.ศ.2568,คอมพิวเตอร์,ห้องประชุม
592,คอมพิวเตอร์ ยี่ห้อ MISSION ,6675-027-1359.1,ไม่มีหมายเลข,ธ.ค. 36,1,ชำรุด,ห้องประชุม จัดซื้อทดแทน ปีงบประมาณ พ.ศ.2568,คอมพิวเตอร์,ห้องประชุม
593,คอมพิวเตอร์ ยี่ห้อ ACER,7440-013-0537,ไม่มีหมายเลข,23 ก.ค. 40,1,ชำรุด,ห้องประชุม จัดซื้อทดแทน ปีงบประมาณ พ.ศ.2565,คอมพิวเตอร์,ห้องประชุม
594,คอมพิวเตอร์ ยี่ห้อ ACER,7110-013-1-361,ไม่มีหมายเลข,23 ก.ค. 40,1,ใช้ได้,พี่พงศ์ จัดซื้อทดแทน ปีงบประมาณ พ.ศ.2565,คอมพิวเตอร์,ห้องเก็บวัสดุสำนักงาน
595,คอมพิวเตอร์ ยี่ห้อ COMPAQ,7440-013-1286,ไม่มีหมายเลข,9 มี.ค. 47,1,ชำรุด,ห้องประชุม จัดซื้อทดแทน ปีงบประมาณ พ.ศ.2565,คอมพิวเตอร์,ห้องประชุม
596,จอคอมพิวเตอร์ ยี่ห้อ MISSION,7440-013-3062,ไม่มีหมายเลข,2 ต.ค. 49,1,ชำรุด,ห้องเก็บของ ส่งคืนพัสดุชำรุด,จอคอมพิวเตอร์,ห้องเก็บของ
597,คอมพิวเตอร์ ยี่ห้อ SVOA,6675-027-1505.1/2551,ไม่มีหมายเลข,18 ธ.ค. 50,1,ชำรุด,ห้องประชุม จัดซื้อทดแทน ปีงบประมาณ พ.ศ.2565,คอมพิวเตอร์,ห้องประชุม
598,คอมพิวเตอร์ ยี่ห้อ PA,6675-027-1507.1,ไม่มีหมายเลข,18 ธ.ค. 50,1,ชำรุด,ห้องประชุม จัดซื้อทดแทน ปีงบประมาณ พ.ศ.2568,คอมพิวเตอร์,ห้องประชุม
599,คอมพิวเตอร์ ยี่ห้อ SVOA,6675-027-1510.1/2551,ไม่มีหมายเลข,18 ธ.ค. 50,1,ชำรุด,ห้องประชุม จัดซื้อทดแทน ปีงบประมาณ พ.ศ.2565,คอมพิวเตอร์,ห้องประชุม
600,คอมพิวเตอร์ ยี่ห้อ SVOA,6675-027-1511.1/2551,ไม่มีหมายเลข,18 ธ.ค. 50,1,ชำรุด,ห้องประชุม จัดซื้อทดแทน ปีงบประมาณ พ.ศ.2565,คอมพิวเตอร์,ห้องประชุม
601,คอมพิวเตอร์ ยี่ห้อ SVOA,6675-027-1515.1,ไม่มีหมายเลข,18 ธ.ค. 50,1,ชำรุด,ห้องประชุม จัดซื้อทดแทน ปีงบประมาณ พ.ศ.2565,คอมพิวเตอร์,ห้องประชุม
602,คอมพิวเตอร์ ยี่ห้อ MPP,7440-013-4498/2551,ไม่มีหมายเลข,-,1,ใช้ได้,ห้องประชุม,คอมพิวเตอร์,ห้องประชุม
603,คอมพิวเตอร์ ยี่ห้อ MPP,7440-013-4497/2551,ไม่มีหมายเลข,-,1,ชำรุด,ห้องประชุม จัดซื้อทดแทน ปีงบประมาณ พ.ศ.2565,คอมพิวเตอร์,ห้องประชุม
604,คอมพิวเตอร์ ยี่ห้อ MPP,7440-013-4499/2551,ไม่มีหมายเลข,-,1,ชำรุด,ห้องประชุม จัดซื้อทดแทน ปีงบประมาณ พ.ศ.2568,คอมพิวเตอร์,ห้องประชุม
605,คอมพิวเตอร์ ยี่ห้อ MPP,7440-013-4488/2551,ไม่มีหมายเลข,-,1,ชำรุด,ห้องประชุม จัดซื้อทดแทน ปีงบประมาณ พ.ศ.2568,คอมพิวเตอร์,ห้องประชุม
606,คอมพิวเตอร์ ยี่ห้อ MPP,7440-013-4495/2551,ไม่มีหมายเลข,-,1,ชำรุด,ห้องประชุม จัดซื้อทดแทน ปีงบประมาณ พ.ศ.2568,คอมพิวเตอร์,ห้องประชุม
607,คอมพิวเตอร์ ยี่ห้อ MPP,7440-013-4169/2551,ไม่มีหมายเลข,-,1,ชำรุด,ห้องเก็บของ,คอมพิวเตอร์,ห้องเก็บของ
608,คอมพิวเตอร์ ยี่ห้อ MISSION ,7440-013-3062/2549,ไม่มีหมายเลข,-,1,ชำรุด,ห้องประชุม จัดซื้อทดแทน ปีงบประมาณ พ.ศ.2568,คอมพิวเตอร์,ห้องประชุม
609,คอมพิวเตอร์ ยี่ห้อ MPP,7440-013-4493/2551,ไม่มีหมายเลข,-,1,ชำรุด,ห้องประชุม จัดซื้อทดแทน ปีงบประมาณ พ.ศ.2565,คอมพิวเตอร์,ห้องประชุม
610,คอมพิวเตอร์ ยี่ห้อ MPP,7440-013-4501/2551,ไม่มีหมายเลข,-,1,ใช้ได้,ห้องประชุม,คอมพิวเตอร์,ห้องประชุม
611,คอมพิวเตอร์ ยี่ห้อ ACER,7440-020-0001.65,ไม่มีหมายเลข,5 ม.ค. 59,1,ใช้ได้,ห้องประชุม,คอมพิวเตอร์,ห้องประชุม
612,เครื่องพิมพ์ ยี่ห้อ CANON IP 1600,7440-010-1768,ไม่มีหมายเลข,2 ต.ค. 49,1,ใช้ได้,ห้องเก็บของ ส่งคืนพัสดุชำรุด,เครื่องพิมพ์,ห้องเก็บของ
613,เครื่องสแกนเนอร์ (A4) ยี่ห้อ EPSON,7110-013-1-355,ไม่มีหมายเลข,12 ม.ค. 59,1,ใช้ได้,กทผ.7 ขอ,เครื่องสแกนเนอร์,ห้องเก็บวัสดุสำนักงาน
614,เครื่อง PLOTER Canon รุ่น IPF 671 ,7110-013-1-606,ไม่มีหมายเลข,12 ก.ค.60,1,ใช้ได้,รับมาจากสาขาบางขุนเทียน กทม.,เครื่องพิมพ์,ห้องเก็บวัสดุสำนักงาน
615,Scanner สี A3 ยี่ห้อ EPSON รุ่น WorkForce Ds-7000,7440-020-007.264,ไม่มีหมายเลข,23 เม.ย. 56,1,ใช้ได้,ห้องจัดเก็บครุภัณฑ์คอมพิวเตอร์ ,เครื่องสแกนเนอร์,ห้องจัดเก็บครุภัณฑ์คอมพิวเตอร์
616,Scanner สี A3 ยี่ห้อ EPSON รุ่น WorkForce Ds-7000,7440-020-007.263,ไม่มีหมายเลข,23 เม.ย. 56,1,ใช้ได้,ห้องจัดเก็บครุภัณฑ์คอมพิวเตอร์,เครื่องสแกนเนอร์,ห้องจัดเก็บครุภัณฑ์คอมพิวเตอร์
617,เครื่องฉายภาพโปรเจคเตอร์ HITACHI รุ่น CPX445,6730-007-0053/2558,ไม่มีหมายเลข,21 ก.ย. 58,1,ใช้ได้,ห้องจัดเก็บครุภัณฑ์คอมพิวเตอร์,เครื่องฉายภาพโปรเจคเตอร์,ห้องจัดเก็บครุภัณฑ์คอมพิวเตอร์
618,เครื่องพิมพ์ ยี่ห้อ Fuji Xerox Docuprint c2255,7440-010-5581/2555,ไม่มีหมายเลข,2555,1,ชำรุด,ส่งซ่อม,เครื่องพิมพ์,ไม่สามารถระบุได้
619,เครื่องพิมพ์มัลติฟังก์ชั่น ยี่ห้อ Fuji Xerox รุ่น Apeos Port-V C3376 ,7110-013-1-610,ไม่มีหมายเลข,24 มี.ค. 66,1,ใช้ได้,หน้าห้อง ผ.อ.,เครื่องพิมพ์,ห้องเก็บวัสดุสำนักงาน
620,เครื่องพิมพ์มัลติฟังก์ชั่น ยี่ห้อ Fuji Xerox รุ่น Apeos Port-V C3376 ,7440-010-6-0449,110000 003016 0,24 มี.ค. 66,1,ใช้ได้,ห้องปฏิบัติการ 1,เครื่องพิมพ์,ห้องปฏิบัติการ 1
621,คอมพิวเตอร์ ยี่ห้อ Acer รุ่น Veriton M275 ,7440-020-0002.53,ไม่มีหมายเลข,๕ ม.ค. ๖๗,1,ใช้ได้,รับมาจาก ศรท. (โต๊ะเพ็ญ),คอมพิวเตอร์,โถงห้องทำงานข้าราชการ
622,คอมพิวเตอร์ ยี่ห้อ Acer รุ่น Veriton M275 ,7490-002-0009,ไม่มีหมายเลข,๕ ม.ค. ๖๗,1,ใช้ได้,รับมาจาก ศรท. ,คอมพิวเตอร์,ห้องเก็บวัสดุสำนักงาน
623,คอมพิวเตอร์ ยี่ห้อ Acer รุ่น Veriton M275,7110-006-17232,ไม่มีหมายเลข,๕ ม.ค. ๖๗,1,ใช้ได้,รับมาจาก ศรท. ,คอมพิวเตอร์,ห้องเก็บวัสดุสำนักงาน
624,คอมพิวเตอร์ ยี่ห้อ Acer รุ่น Veriton M275,7110-006-17236,ไม่มีหมายเลข,๕ ม.ค. ๖๗,1,ใช้ได้,รับมาจาก ศรท. ,คอมพิวเตอร์,ห้องเก็บวัสดุสำนักงาน
625,คอมพิวเตอร์ ยี่ห้อ Acer รุ่น Veriton M275,7440-020-0002.68,ไม่มีหมายเลข,๕ ม.ค. ๖๗,1,ใช้ได้,รับมาจาก ศรท.  (โต๊ะสมชาย),คอมพิวเตอร์,โถงห้องทำงานข้าราชการ
626,คอมพิวเตอร์ ยี่ห้อ Acer รุ่น Veriton M275,7440-020-0007.426,ไม่มีหมายเลข,๕ ม.ค. ๖๗,1,ใช้ได้,รับมาจาก ศรท. ,คอมพิวเตอร์,ไม่สามารถระบุได้
627,คอมพิวเตอร์ ยี่ห้อ Acer รุ่น Veriton M275,7110-006-17235,ไม่มีหมายเลข,๕ ม.ค. ๖๗,1,ใช้ได้,รับมาจาก ศรท. ,คอมพิวเตอร์,ห้องปฏิบัติการ 1
628,คอมพิวเตอร์ ยี่ห้อ Acer รุ่น Veriton M275,7110-006-17248,ไม่มีหมายเลข,๕ ม.ค. ๖๗,1,ใช้ได้,รับมาจาก ศรท. ,คอมพิวเตอร์,ห้องปฏิบัติการ 1
629,คอมพิวเตอร์ ยี่ห้อ Acer รุ่น Veriton M275,7110-007-2-295,ไม่มีหมายเลข,๕ ม.ค. ๖๗,1,ใช้ได้,รับมาจาก ศรท. ,คอมพิวเตอร์,ไม่สามารถระบุได้
630,คอมพิวเตอร์ ยี่ห้อ Acer รุ่น Veriton M275,7110-013-1-349,ไม่มีหมายเลข,๕ ม.ค. ๖๗,1,ใช้ได้,รับมาจาก ศรท. ,คอมพิวเตอร์,ไม่สามารถระบุได้
631,คอมพิวเตอร์ ยี่ห้อ Acer รุ่น Veriton M275,7440-020-0002.49,ไม่มีหมายเลข,๕ ม.ค. ๖๗,1,ใช้ได้,รับมาจาก ศรท. (โต๊ะเต็มศักดิ์),คอมพิวเตอร์,โถงห้องทำงานข้าราชการ
632,คอมพิวเตอร์ ยี่ห้อ Acer รุ่น Veriton M275,7440-020-0002.66,ไม่มีหมายเลข,๕ ม.ค. ๖๗,1,ใช้ได้,รับมาจาก ศรท. (โต๊ะวาสุ),คอมพิวเตอร์,โถงห้องทำงานข้าราชการ
633,คอมพิวเตอร์ ยี่ห้อ Acer รุ่น Veriton M275,7440-020-0002.63,ไม่มีหมายเลข,๕ ม.ค. ๖๗,1,ใช้ได้,รับมาจาก ศรท. (โต๊ะพล),คอมพิวเตอร์,โถงห้องทำงานข้าราชการ
634,คอมพิวเตอร์ ยี่ห้อ Acer รุ่น Veriton M275,7440-013-7491,ไม่มีหมายเลข,๕ ม.ค. ๖๗,1,ใช้ได้,รับมาจาก ศรท. (โต๊ะเหมียว),คอมพิวเตอร์,โถงห้องทำงานข้าราชการ
635,คอมพิวเตอร์ ยี่ห้อ Acer รุ่น Veriton M275,7110-013-1-607,ไม่มีหมายเลข,๕ ม.ค. ๖๗,1,ใช้ได้,รับมาจาก ศรท. ,คอมพิวเตอร์,ไม่สามารถระบุได้
636,คอมพิวเตอร์ ยี่ห้อ Acer รุ่น Veriton M275,7440-013-7066,ไม่มีหมายเลข,๕ ม.ค. ๖๗,1,ใช้ได้,รับมาจาก ศรท. (โต๊ะนิพนธ์),คอมพิวเตอร์,โถงห้องทำงานข้าราชการ
637,คอมพิวเตอร์ ยี่ห้อ Acer รุ่น Veriton M275,7110-013-1-608,ไม่มีหมายเลข,๕ ม.ค. ๖๗,1,ใช้ได้,รับมาจาก ศรท. ,คอมพิวเตอร์,ไม่สามารถระบุได้
638,คอมพิวเตอร์ ยี่ห้อ Acer รุ่น Veriton M275,7440-020-0002.73,ไม่มีหมายเลข,๕ ม.ค. ๖๗,1,ใช้ได้,รับมาจาก ศรท. (โต๊ะวุฒิชัย),คอมพิวเตอร์,โถงห้องทำงานข้าราชการ
639,คอมพิวเตอร์ ยี่ห้อ Acer รุ่น Veriton M275,7110-002-3-128,ไม่มีหมายเลข,๕ ม.ค. ๖๗,1,ใช้ได้,รับมาจาก ศรท. ,คอมพิวเตอร์,ไม่สามารถระบุได้
640,คอมพิวเตอร์ ยี่ห้อ Acer รุ่น Veriton M275,7110-003-8-0726,ไม่มีหมายเลข,๕ ม.ค. ๖๗,1,ใช้ได้,รับมาจาก ศรท. ,คอมพิวเตอร์,ไม่สามารถระบุได้
641,คอมพิวเตอร์ ยี่ห้อ Acer รุ่น Veriton M275,7110-002-5-052,ไม่มีหมายเลข,๕ ม.ค. ๖๗,1,ใช้ได้,รับมาจาก ศรท. ,คอมพิวเตอร์,ไม่สามารถระบุได้
642,คอมพิวเตอร์ ยี่ห้อ Acer รุ่น Veriton M275,7110-002-5-054,ไม่มีหมายเลข,๕ ม.ค. ๖๗,1,ใช้ได้,รับมาจาก ศรท. ,คอมพิวเตอร์,ไม่สามารถระบุได้
643,คอมพิวเตอร์ ยี่ห้อ Acer รุ่น Veriton M275,7110-002-5-055,ไม่มีหมายเลข,๕ ม.ค. ๖๗,1,ใช้ได้,รับมาจาก ศรท. ,คอมพิวเตอร์,ไม่สามารถระบุได้
644,คอมพิวเตอร์ ยี่ห้อ Acer รุ่น Veriton M275,7440-020-0002.58,ไม่มีหมายเลข,๕ ม.ค. ๖๗,1,ใช้ได้,รับมาจาก ศรท. (โต๊ะศรัญญา),คอมพิวเตอร์,โถงห้องทำงานข้าราชการ
645,คอมพิวเตอร์ ยี่ห้อ Acer รุ่น Veriton M275,7110-002-5-056,ไม่มีหมายเลข,๕ ม.ค. ๖๗,1,ใช้ได้,รับมาจาก ศรท. ,คอมพิวเตอร์,ไม่สามารถระบุได้
646,คอมพิวเตอร์ ยี่ห้อ Acer รุ่น Veriton M490G,ไม่มีหมายเลข,ไม่มีหมายเลข,๕ ม.ค. ๖๗,1,ใช้ได้,รับมาจาก ศรท. ,คอมพิวเตอร์,ไม่สามารถระบุได้
647,คอมพิวเตอร์ ยี่ห้อ Acer รุ่น Veriton M490G,ไม่มีหมายเลข,ไม่มีหมายเลข,๕ ม.ค. ๖๗,1,ใช้ได้,รับมาจาก ศรท. ,คอมพิวเตอร์,ไม่สามารถระบุได้
648,คอมพิวเตอร์ ยี่ห้อ Acer รุ่น Veriton M490G,ไม่มีหมายเลข,ไม่มีหมายเลข,๕ ม.ค. ๖๗,1,ใช้ได้,รับมาจาก ศรท. ,คอมพิวเตอร์,ไม่สามารถระบุได้
649,คอมพิวเตอร์ ยี่ห้อ Acer รุ่น Veriton M490G,ไม่มีหมายเลข,ไม่มีหมายเลข,๕ ม.ค. ๖๗,1,ใช้ได้,รับมาจาก ศรท. ,คอมพิวเตอร์,ไม่สามารถระบุได้
650,คอมพิวเตอร์ ยี่ห้อ Acer รุ่น Veriton M490G,7110-002-3-127,ไม่มีหมายเลข,๕ ม.ค. ๖๗,1,ใช้ได้,รับมาจาก ศรท. ,คอมพิวเตอร์,ห้องหัวหน้าเชา
651,จอคอมพิวเตอร์ ยี่ห้อ Acer  รุ่น  V193HQL,7110-002-3-124,ไม่มีหมายเลข,๕ ม.ค. ๖๗,1,ใช้ได้,รับมาจาก ศรท. ,จอคอมพิวเตอร์,ห้องหัวหน้าเชา
652,จอคอมพิวเตอร์ ยี่ห้อ Acer  รุ่น  V193w  ,7440-013-7490.1,ไม่มีหมายเลข,๕ ม.ค. ๖๗,1,ใช้ได้,รับมาจาก ศรท. (โต๊ะวาสุ),จอคอมพิวเตอร์,โถงห้องทำงานข้าราชการ
653,จอคอมพิวเตอร์ ยี่ห้อ Acer  รุ่น  V193HQL,7440-020-0002.55.1,ไม่มีหมายเลข,๕ ม.ค. ๖๗,1,ใช้ได้,รับมาจาก ศรท. (โต๊ะเหมียว),จอคอมพิวเตอร์,โถงห้องทำงานข้าราชการ
654,จอคอมพิวเตอร์ ยี่ห้อ Acer  รุ่น  V193HQL,7440-020-0002.58.1,ไม่มีหมายเลข,๕ ม.ค. ๖๗,1,ใช้ได้,รับมาจาก ศรท. (โต๊ะนิพนธ์),จอคอมพิวเตอร์,โถงห้องทำงานข้าราชการ
655,จอคอมพิวเตอร์ ยี่ห้อ Acer  รุ่น  V193HQL,7440-020-0002.74.1,ไม่มีหมายเลข,๕ ม.ค. ๖๗,1,ใช้ได้,รับมาจาก ศรท. (โต๊ะวุฒิชัย),จอคอมพิวเตอร์,โถงห้องทำงานข้าราชการ
656,จอคอมพิวเตอร์ ยี่ห้อ Acer  รุ่น  V193HQL,7440-020-0002.77.1,ไม่มีหมายเลข,๕ ม.ค. ๖๗,1,ใช้ได้,รับมาจาก ศรท. (โต๊ะนิวัฒน์),จอคอมพิวเตอร์,โถงห้องทำงานข้าราชการ
657,จอคอมพิวเตอร์ ยี่ห้อ Acer  รุ่น  V193HQL,4120-001-8522,ไม่มีหมายเลข,๕ ม.ค. ๖๗,1,ใช้ได้,รับมาจาก ศรท. ,จอคอมพิวเตอร์,ห้องหัวหน้าเชา
658,จอคอมพิวเตอร์ ยี่ห้อ Acer  รุ่น  V193w  ,7440-020-0001.130.1,ไม่มีหมายเลข,๕ ม.ค. ๖๗,1,ใช้ได้,รับมาจาก ศรท. (โต๊ะภัทร),จอคอมพิวเตอร์,โถงห้องทำงานข้าราชการ
659,จอคอมพิวเตอร์ ยี่ห้อ Acer  รุ่น  V193w  ,7440-020-0001.127.1,ไม่มีหมายเลข,๕ ม.ค. ๖๗,1,ใช้ได้,รับมาจาก ศรท. (โต๊ะพล),จอคอมพิวเตอร์,โถงห้องทำงานข้าราชการ
660,จอคอมพิวเตอร์ ยี่ห้อ Acer  รุ่น  V193HQL,7440-020-0002.78.1,ไม่มีหมายเลข,๕ ม.ค. ๖๗,1,ใช้ได้,รับมาจาก ศรท. (โต๊ะเต็มศักดิ์),จอคอมพิวเตอร์,โถงห้องทำงานข้าราชการ
661,จอคอมพิวเตอร์ ยี่ห้อ Acer  รุ่น  V193HQL,7440-020-0002.73.1,ไม่มีหมายเลข,๕ ม.ค. ๖๗,1,ใช้ได้,รับมาจาก ศรท. (โต๊ะเต็มศักดิ์),จอคอมพิวเตอร์,โถงห้องทำงานข้าราชการ
662,จอคอมพิวเตอร์ ยี่ห้อ Acer  รุ่น  V193w  ,7440-013-7489.1,ไม่มีหมายเลข,๕ ม.ค. ๖๗,1,ใช้ได้,รับมาจาก ศรท. (โต๊ะวาสุ),จอคอมพิวเตอร์,โถงห้องทำงานข้าราชการ
663,จอคอมพิวเตอร์ ยี่ห้อ Acer  รุ่น  V193w  ,7440-013-7061.1,ไม่มีหมายเลข,๕ ม.ค. ๖๗,1,ใช้ได้,รับมาจาก ศรท. (โต๊ะพล),จอคอมพิวเตอร์,โถงห้องทำงานข้าราชการ
664,จอคอมพิวเตอร์ ยี่ห้อ Acer  รุ่น  V193,7440-020-0002.50.1,ไม่มีหมายเลข,๕ ม.ค. ๖๗,1,ใช้ได้,รับมาจาก ศรท. (โต๊ะเหมียว),จอคอมพิวเตอร์,โถงห้องทำงานข้าราชการ
665,จอคอมพิวเตอร์ ยี่ห้อ Acer  รุ่น  V193HQL,7110-002-3-426,ไม่มีหมายเลข,๕ ม.ค. ๖๗,1,ใช้ได้,รับมาจาก ศรท. ,จอคอมพิวเตอร์,ไม่สามารถระบุได้
666,จอคอมพิวเตอร์ ยี่ห้อ Acer  รุ่น  V193HQL,7440-020-0002.85.1,ไม่มีหมายเลข,๕ ม.ค. ๖๗,1,ใช้ได้,รับมาจาก ศรท. (โต๊ะนิพนธ์),จอคอมพิวเตอร์,โถงห้องทำงานข้าราชการ
667,จอคอมพิวเตอร์ ยี่ห้อ Acer  รุ่น  V193w  ,4120-001-8521,ไม่มีหมายเลข,๕ ม.ค. ๖๗,1,ใช้ได้,รับมาจาก ศรท. ,จอคอมพิวเตอร์,ไม่สามารถระบุได้
668,จอคอมพิวเตอร์ ยี่ห้อ HP  รุ่น  V193b,7440-006-3123,ไม่มีหมายเลข,๕ ม.ค. ๖๗,1,ใช้ได้,รับมาจาก ศรท. (โต๊ะศรัณ),จอคอมพิวเตอร์,โถงห้องทำงานข้าราชการ
669,จอคอมพิวเตอร์ ยี่ห้อ DELL  รุ่น E1911c,7110-007-3-807,ไม่มีหมายเลข,๕ ม.ค. ๖๗,1,ใช้ได้,รับมาจาก ศรท. ,จอคอมพิวเตอร์,ไม่สามารถระบุได้
670,จอคอมพิวเตอร์ ยี่ห้อ Acer  รุ่น  V193,ไม่มีหมายเลข,ไม่มีหมายเลข,๕ ม.ค. ๖๗,1,ใช้ได้,รับมาจาก ศรท. ,จอคอมพิวเตอร์,ไม่สามารถระบุได้
671,จอคอมพิวเตอร์ ยี่ห้อ Acer  รุ่น  V193,7110-007-3-084,ไม่มีหมายเลข,๕ ม.ค. ๖๗,1,ใช้ได้,รับมาจาก ศรท. ,จอคอมพิวเตอร์,ไม่สามารถระบุได้
672,จอคอมพิวเตอร์ ยี่ห้อ Acer  รุ่น  V193,7110-002-3-951,ไม่มีหมายเลข,๕ ม.ค. ๖๗,1,ใช้ได้,รับมาจาก ศรท. ,จอคอมพิวเตอร์,ไม่สามารถระบุได้
673,จอคอมพิวเตอร์ ยี่ห้อ Acer  รุ่น  V193,7110-006-17182,ไม่มีหมายเลข,๕ ม.ค. ๖๗,1,ใช้ได้,รับมาจาก ศรท. ,จอคอมพิวเตอร์,ไม่สามารถระบุได้
674,จอคอมพิวเตอร์ ยี่ห้อ Acer  รุ่น  V193HQL,7110-006-17205,ไม่มีหมายเลข,๕ ม.ค. ๖๗,1,ใช้ได้,รับมาจาก ศรท. ,จอคอมพิวเตอร์,ไม่สามารถระบุได้
675,จอคอมพิวเตอร์ ยี่ห้อ Acer  รุ่น  V193HQL,7440-020-0002.61.1,ไม่มีหมายเลข,๕ ม.ค. ๖๗,1,ใช้ได้,รับมาจาก ศรท. (โต๊ะกิ๊ก),จอคอมพิวเตอร์,ห้องธุรการ
676,จอคอมพิวเตอร์ ยี่ห้อ Acer  รุ่น  V193,7110-006-17242,ไม่มีหมายเลข,๕ ม.ค. ๖๗,1,ใช้ได้,รับมาจาก ศรท. ,จอคอมพิวเตอร์,ไม่สามารถระบุได้
677,จอคอมพิวเตอร์ ยี่ห้อ Acer  รุ่น  V193,7110-006-17206,ไม่มีหมายเลข,๕ ม.ค. ๖๗,1,ใช้ได้,รับมาจาก ศรท. ,จอคอมพิวเตอร์,ห้องหัวหน้าเชา
678,จอคอมพิวเตอร์ ยี่ห้อ Acer  รุ่น  V193,7440-013-6818/2554,ไม่มีหมายเลข,๕ ม.ค. ๖๗,1,ใช้ได้,รับมาจาก ศรท. ,จอคอมพิวเตอร์,ไม่สามารถระบุได้
679,จอคอมพิวเตอร์ ยี่ห้อ Acer  รุ่น  V193,7440-020-0001.62.1,ไม่มีหมายเลข,๕ ม.ค. ๖๗,1,ใช้ได้,รับมาจาก ศรท. ,จอคอมพิวเตอร์,ไม่สามารถระบุได้
680,จอคอมพิวเตอร์ ยี่ห้อ Acer  รุ่น  V193,7110-006-18312,ไม่มีหมายเลข,๕ ม.ค. ๖๗,1,ใช้ได้,รับมาจาก ศรท.  ,จอคอมพิวเตอร์,ไม่สามารถระบุได้
