ลำดับ,รายการ,หมายเลขครุภัณฑ์,หมายเลขสินทรัพย์ตามระบบ GFMIS,วันที่ได้มา,จำนวน,สภาพครุภัณฑ์,หมายเหตุ,ประเภท,สถาน
1,โต๊ะทำงาน ระดับ  7-8 ,71110-007-4-015,-,06-ส.ค.-33,1,ใช้ได้,ห้องเจนพิธีกร,โต๊ะ,ห้องเจนพิธีกร
2,โต๊ะทำงาน ระดับ  7-8 ,71110-007-4-017,-,06-ส.ค.-33,1,ใช้ได้,พี่อุ๊,โต๊ะ,-
3,โต๊ะทำงาน ระดับ  7-8 ,ไม่มีหมายเลข,-,06-ส.ค.-33,1,ใช้ได้,หัวหน้าโจ,โต๊ะ,-
4,โต๊ะทำงาน ระดับ  3-6,ต.8/28/181,-,11-ก.พ.-29,1,ใช้ได้,สทส.ยืม มท 0607/48 ลว 22 ก.ค. 37,โต๊ะ,-
5,โต๊ะทำงาน ระดับ  3-6,ต.8/28/182,-,11-ก.พ.-29,1,ใช้ได้,พี่เพ็ญ,โต๊ะ,-
6,โต๊ะทำงาน ระดับ  3-6,ต.8/28/183,-,11-ก.พ.-29,1,ใช้ได้,สนญ.ยืมตามบันทึก ลว 19 ก.พ. 39,โต๊ะ,-
7,โต๊ะทำงาน ระดับ  3-6,7110-007-3-077,-,30-ส.ค.-30,1,ใช้ได้,พี่ย๊ะ,โต๊ะ,-
8,โต๊ะทำงาน ระดับ  3-6,7110-007-3-082,-,30-ส.ค.-30,1,ใช้ได้,สนง.สาขาปากเกร็ด ยืม   นบ.0020.7/225 ลว.25 มี.ค.37,โต๊ะ,-
9,โต๊ะทำงาน ระดับ  3-6,7110-007-3-083,-,30-ส.ค.-30,1,ใช้ได้,สทส. ยืม มท 0607/48 ลว.22 ส.ค.37,โต๊ะ,-
10,โต๊ะทำงาน ระดับ  3-6,7110-007-3-076,-,30-ส.ค.-30,1,ใช้ได้,โต๊ะแท๊บ,โต๊ะ,-
11,โต๊ะทำงาน ระดับ  3-6,7110-007-3-084,-,30-ส.ค.-30,1,ใช้ได้,หัวหน้าโจ,โต๊ะ,-
12,โต๊ะทำงาน ระดับ  3-6,7110-007-3-086,-,30-ส.ค.-30,1,ใช้ได้,พี่พล,โต๊ะ,-
13,โต๊ะทำงาน ระดับ  3-6,7110-007-3-089,-,30-ส.ค.-30,1,ใช้ได้,พี่จอม,โต๊ะ,-
14,โต๊ะทำงาน ระดับ  3-6,7110-007-3-091,-,30-ส.ค.-30,1,ใช้ได้,โต๊ะสายัณห์,โต๊ะ,-
15,โต๊ะทำงาน ระดับ  3-6,7110-007-3-092,-,30-ส.ค.-30,1,ใช้ได้,สทส. ยืม มท 0706/542  ลว. 22 ส.ค. 33,โต๊ะ,-
16,โต๊ะทำงาน ระดับ  3-6,7110-007-3-094,-,30-ส.ค.-30,1,ใช้ได้,พี่เหมียว,โต๊ะ,-
17,โต๊ะทำงาน ระดับ  3-6,7110-007-3-095,-,30-ส.ค.-30,1,ใช้ได้,พี่แอ้,โต๊ะ,-
18,โต๊ะทำงาน ระดับ  3-6,7110-007-3-451,-,30-ส.ค.-30,1,ใช้ได้,พี่เอี้ยง,โต๊ะ,-
19,โต๊ะทำงาน ระดับ  3-6,7110-007-3-455,-,30-ส.ค.-30,1,ใช้ได้,สทส. ยืม มท 0706/48 ลว 22 ส.ค. 37,โต๊ะ,-
20,โต๊ะทำงาน ระดับ  3-6,7110-007-3-582,-,30-ส.ค.-30,1,ใช้ได้,พี่นิวัฒน์,โต๊ะ,-
21,โต๊ะทำงาน ระดับ  3-6,7110-007-3-583,-,30-ส.ค.-30,1,ใช้ได้,พี่วสุ,โต๊ะ,-
22,โต๊ะทำงาน ระดับ  3-6,7110-007-3-799,-,30-ส.ค.-30,1,ใช้ได้,พี่ณรงค์สิทธิ์,โต๊ะ,-
23,โต๊ะทำงาน ระดับ  3-6,7110-007-3-592,-,30-ส.ค.-30,1,ใช้ได้,พี่ธวัชชัย,โต๊ะ,-
24,โต๊ะทำงาน ระดับ  3-6,7110-007-3-594,-,30-ส.ค.-30,1,ใช้ได้,เบล,โต๊ะ,-
25,โต๊ะทำงาน ระดับ  3-6,7110-007-3-796,-,30-ส.ค.-30,1,ใช้ได้,พี่เป็ด,โต๊ะ,-
26,โต๊ะทำงาน ระดับ  3-6,7110-007-3-797,-,30-ส.ค.-30,1,ใช้ได้,แนน,โต๊ะ,-
27,โต๊ะทำงาน ระดับ  3-6,7110-007-3-801,-,30-ส.ค.-30,1,ใช้ได้,พี่เขี้ยว,โต๊ะ,-
28,โต๊ะทำงาน ระดับ  3-6,7110-007-3-802,-,30-ส.ค.-30,1,ใช้ได้,จ๋า จิตตรานุช,โต๊ะ,-
29,โต๊ะทำงาน ระดับ  3-6,7110-007-3-803,-,๓๐-ส.ค.-๑๙๓๐,1,ใช้ได้,พี่เป้,โต๊ะ,-
30,โต๊ะทำงาน ระดับ  3-6,7110-007-3-805,-,30-ส.ค.-30,1,ใช้ได้,สทส. ยืม มท 0607/48 ลว 22 ส.ค. 37,โต๊ะ,-
31,โต๊ะทำงาน ระดับ  3-6,7110-007-3-806,-,30-ส.ค.-30,1,ใช้ได้,กิ๊ก,โต๊ะ,-
32,โต๊ะทำงาน ระดับ  3-6,7110-007-3-807,-,30-ส.ค.-30,1,ใช้ได้,ห้องอนุมัติ,โต๊ะ,-
33,โต๊ะทำงาน ระดับ  3-6,7110-007-3-809,-,30-ส.ค.-30,1,ใช้ได้,พี่จึง,โต๊ะ,-
34,โต๊ะทำงาน ระดับ  3-6,7110-007-3-817,-,30-ส.ค.-30,1,ใช้ได้,พี่เอกสิทธิ์,โต๊ะ,-
35,โต๊ะทำงาน ระดับ  3-6,7110-007-3-818,-,๓๐-ส.ค.-๑๙๓๐,1,ใช้ได้,ปูน,โต๊ะ,-
36,โต๊ะทำงาน ระดับ  3-6,7110-007-3-821,-,30-ส.ค.-30,1,ใช้ได้,พี่พงศ์,โต๊ะ,-
37,โต๊ะทำงาน ระดับ  3-6,7110-007-3-824,-,30-ส.ค.-30,1,ใช้ได้,พี่พล,โต๊ะ,-
38,โต๊ะทำงาน ระดับ  3-6,7110-007-3-957,-,30-ส.ค.-30,1,ใช้ได้,พี่หน่อย,โต๊ะ,-
39,โต๊ะทำงาน ระดับ  3-6,7110-007-3-589,-,30-ส.ค.-30,1,ใช้ได้,ญ่า,โต๊ะ,-
40,โต๊ะทำงาน ระดับ  3-6,7110-007-3586,-,30-ส.ค.-30,1,ใช้ได้,ฝากเก็บ กทผ.6,โต๊ะ,-
41,โต๊ะทำงาน ระดับ 1-2,ต.12/28/128,-,05-ก.พ.-29,1,ใช้ได้,สนง. สาขาปากเกร็ด ยืม นบ.0020.7/2251,โต๊ะ,-
42,โต๊ะทำงาน ระดับ 1-2,ต.12/28/130,-,05-ก.พ.-29,1,ใช้ได้,ห้องพี่ย๊ะ,โต๊ะ,-
43,โต๊ะทำงาน ระดับ 1-2,7110-007-2-079,-,20-ส.ค.-30,1,ใช้ได้,ปีใหม่,โต๊ะ,-
44,โต๊ะทำงาน ระดับ 1-2,7110-007-2-295,-,20-ส.ค.-30,1,ใช้ได้,ห้องพี่วอ,โต๊ะ,-
45,โต๊ะทำงาน ระดับ 1-2,7110-007-2-303,-,20-ส.ค.-30,1,ใช้ได้,สนง.สาขาปากเกร็ด ยืม นบ.0020.7/2251,โต๊ะ,-
46,โต๊ะทำงาน ระดับ 1-2,7110-007-2-315,-,20-ส.ค.-30,1,ใช้ได้,ห้องเก็บของด้านล่าง,โต๊ะ,ห้องเก็บของ
47,โต๊ะทำงาน ระดับ 1-2,7110-007-2-320,-,20-ส.ค.-30,1,ใช้ได้,สนง.สาขาปากเกร็ด ยืม นบ.0020.7/2251,โต๊ะ,-
48,โต๊ะทำงาน ระดับ 1-2,7110-007-2-326,-,20-ส.ค.-30,1,ใช้ได้,สนง.สาขาปากเกร็ด ยืม นบ.0020.7/2251,โต๊ะ,-
49,โต๊ะทำงาน ระดับ 1-2,7110-007-2-468,-,31-ก.ค.-30,1,ใช้ได้,รับมาจาก สทส. (ด้านหน้าโบ้) ที่ มท 0512.5/2384,โต๊ะ,-
50,โต๊ะทำงาน ระดับ 1-2,7110-007-2-034,-,30-ส.ค.-30,1,ใช้ได้,ห้องปฏิบัติการ 3,โต๊ะ,ห้องปฏิบัติการ 3
51,โต๊ะพิมพ์ดีด,7110-007-1-126,-,ก.ย.-31,1,ใช้ได้,หน้าห้องหน.เชา,โต๊ะ,-
52,ตู้เหล็กเก็บเอกสาร,7110-013-1-349,-,พ.ย.-30,1,ใช้ได้,ห้องพี่อุ๊,ตู้,-
53,ตู้เหล็กเก็บเอกสาร,7110-013-1-351,-,พ.ย.-30,1,ใช้ได้,ห้องครัว,ตู้,ห้องครัว
54,ตู้เหล็กเก็บเอกสาร,7110-013-1-352,-,พ.ย.-30,1,ใช้ได้,ด้านใน,ตู้,-
55,ตู้เหล็กเก็บเอกสาร,7110-013-1-354,-,พ.ย.-30,1,ใช้ได้,ห้องเก็บของพี่ย๊ะ,ตู้,ห้องเก็บของพี่ย๊ะ
56,ตู้เหล็กเก็บเอกสาร,7110-013-1-355,-,พ.ย.-30,1,ใช้ได้,ห้องเก็บวัสดุสำนักงาน,ตู้,-
57,ตู้เหล็กเก็บเอกสาร,7110-013-1-357,-,พ.ย.-30,1,ใช้ได้,ห้องเก็บของมารีย๊ะด้านใน,ตู้,-
58,ตู้เหล็กเก็บเอกสาร,7110-013-1-359,-,พ.ย.-30,1,ใช้ได้,ห้องเก็บของพี่ย๊ะ,ตู้,ห้องเก็บของพี่ย๊ะ
59,ตู้เหล็กเก็บเอกสาร,7110-013-1-36๑,-,พ.ย.-30,1,ใช้ได้,ห้องเก็บวัสดุ,ตู้,-
60,ตู้เหล็กเก็บเอกสาร,7110-013-1-362,-,พ.ย.-30,1,ใช้ได้,ห้องเก็บของมารีย๊ะ,ตู้,-
61,ตู้เหล็กเก็บเอกสาร,7110-013-1-363,-,พ.ย.-30,1,ใช้ได้,หน้าห้องน้ำ,ตู้,-
62,ตู้เหล็กเก็บเอกสาร,7110-013-1-365,-,พ.ย.-30,1,ใช้ได้,ห้องเก็บของพี่ย๊ะ,ตู้,ห้องเก็บของพี่ย๊ะ
63,ตู้เหล็กเก็บเอกสาร,7110-013-1-366,-,พ.ย.-30,1,ใช้ได้,ห้องเก็บของมารีย๊ะด้านใน,ตู้,-
64,ตู้เหล็กเก็บเอกสาร,7110-013-1-370,-,พ.ย.-30,1,ใช้ได้,ข้างเครื่องถ่ายเอกสาร,ตู้,-
65,ตู้เหล็กเก็บเอกสาร,7110-013-1-371,-,พ.ย.-30,1,ใช้ได้,ห้องเก็บของพี่ย๊ะ,ตู้,ห้องเก็บของพี่ย๊ะ
66,ตู้เหล็กเก็บเอกสาร,7110-013-1-600,-,ม.ค.-32,1,ใช้ได้,ห้องครัว,ตู้,ห้องครัว
67,ตู้เหล็กเก็บเอกสาร,7110-013-1-601,-,ม.ค.-32,1,ใช้ได้,ห้องเก็บของพี่ย๊ะ,ตู้,ห้องเก็บของพี่ย๊ะ
68,ตู้เหล็กเก็บเอกสาร,7110-013-1-602,-,ม.ค.-32,1,ใช้ได้,ห้องครัว,ตู้,ห้องครัว
69,ตู้เหล็กเก็บเอกสาร,7110-013-1-603,-,ม.ค.-32,1,ใช้ได้,หลังพี่พล,ตู้,-
70,ตู้เหล็กเก็บเอกสาร,7110-013-1-604,-,ม.ค.-32,1,ใช้ได้,ห้องเก็บของพี่ย๊ะ,ตู้,ห้องเก็บของพี่ย๊ะ
71,ตู้เหล็กเก็บเอกสาร,7110-013-1-605,-,ม.ค.-32,1,ใช้ได้,ห้องเก็บของพี่ย๊ะ,ตู้,ห้องเก็บของพี่ย๊ะ
72,ตู้เหล็กเก็บเอกสาร,7110-013-1-606,-,ม.ค.-32,1,ใช้ได้,ห้องเก็บวัสดุสำนักงาน,ตู้,-
73,ตู้เหล็กเก็บเอกสาร,7110-013-1-607,-,ม.ค.-32,1,ใช้ได้,ห้องพี่อุ๊,ตู้,-
74,ตู้เหล็กเก็บเอกสาร,7110-013-1-608,-,ม.ค.-32,1,ใช้ได้,ห้องพี่อุ๊,ตู้,-
75,ตู้เหล็กเก็บเอกสาร,7110-013-1-609,-,ม.ค.-32,1,ใช้ได้,ห้องเก็บของพี่ย๊ะ,ตู้,ห้องเก็บของพี่ย๊ะ
76,ตู้เหล็กเก็บเอกสาร,7110-013-1-610,-,ม.ค.-32,1,ใช้ได้,ห้องเก็บวัสดุสำนักงาน,ตู้,-
77,ตู้เหล็กเก็บเอกสาร,7110-013-1-611,-,ม.ค.-32,1,ใช้ได้,ห้องเก็บของพี่ย๊ะ,ตู้,ห้องเก็บของพี่ย๊ะ
78,ตู้เหล็กเก็บเอกสาร,7110-013-1-612,-,ม.ค.-32,1,ใช้ได้,หลังพี่แอ้,ตู้,-
79,ตู้เหล็กเก็บเอกสาร,7110-013-1-613,-,ม.ค.-32,1,ใช้ได้,หลังพี่นิวัฒน์,ตู้,-
80,ตู้เหล็กเก็บเอกสาร,7110-013-1-615,-,ม.ค.-32,1,ใช้ได้,ห้องเก็บของพี่ย๊ะ,ตู้,ห้องเก็บของพี่ย๊ะ
81,ตู้เหล็กเก็บเอกสาร,7110-013-1-617,-,ม.ค.-32,1,ใช้ได้,ห้องเก็บของพี่ย๊ะ,ตู้,ห้องเก็บของพี่ย๊ะ
82,ตู้เหล็กเก็บเอกสาร,7110-013-1-618,-,ม.ค.-32,1,ใช้ได้,หน้าห้องน้ำชาย,ตู้,-
83,ตู้เหล็กเก็บเอกสาร,7110-013-1-619,-,ม.ค.-32,1,ใช้ได้,ข้างหลังพี่พล,ตู้,-
84,ตู้เหล็กเก็บเอกสาร,7110-013-1-620,-,ม.ค.-32,1,ใช้ได้,หน้าห้องเก็บของมารีย๊ะด้านใน,ตู้,-
85,ตู้เหล็กเก็บเอกสาร,7110-013-1-621,-,ม.ค.-32,1,ใช้ได้,ห้องเก็บของพี่ย๊ะ,ตู้,ห้องเก็บของพี่ย๊ะ
86,ตู้เหล็กเก็บเอกสาร,7110-013-1-622,-,ม.ค.-32,1,ใช้ได้,ห้องเก็บของพี่ย๊ะด้านใน,ตู้,ห้องเก็บของพี่ย๊ะ
87,ตู้เหล็กเก็บเอกสาร,7110-013-1-623,-,ม.ค.-32,1,ใช้ได้,ห้องเก็บของพี่ย๊ะด้านใน,ตู้,ห้องเก็บของพี่ย๊ะ
88,ตู้เหล็กเก็บเอกสาร,7110-013-1-625,-,ม.ค.-32,1,ใช้ได้,ห้องเก็บของพี่ย๊ะด้านใน,ตู้,ห้องเก็บของพี่ย๊ะ
89,ตู้เหล็กเก็บเอกสาร,7110-013-1-626,-,ม.ค.-32,1,ใช้ได้,ห้องเก็บของพี่ย๊ะ,ตู้,ห้องเก็บของพี่ย๊ะ
90,ตู้เหล็กเก็บเอกสาร,7110-013-1-3767,-,พ.ค.-47,1,ใช้ได้,ห้องเก็บของพี่ย๊ะ,ตู้,ห้องเก็บของพี่ย๊ะ
91,ตู้เหล็กเก็บเอกสาร,7110-013-1-3768,-,พ.ค.-47,1,ใช้ได้,ห้องเก็บของพี่ย๊ะด้านใน,ตู้,ห้องเก็บของพี่ย๊ะ
92,ตู้เหล็กเก็บเอกสาร,7110-013-1-3769,-,พ.ค.-47,1,ใช้ได้,ห้องเก็บของพี่ย๊ะด้านใน,ตู้,ห้องเก็บของพี่ย๊ะ
93,ตู้เหล็กเก็บเอกสาร,7110-013-1-350,-,ม.ค.-32,1,ใช้ได้,ห้องครัว,ตู้,ห้องครัว
94,ตู้เหล็กเก็บเอกสาร,7110-013-1-360,-,ม.ค.-33,1,ใช้ได้,หลังนิวัฒน์,ตู้,-
95,ตู้เหล็กเก็บเอกสาร,7110-013-1-3771,-,พ.ค.-47,1,ใช้ได้,ห้องเก็บของพี่ย๊ะด้านใน,ตู้,ห้องเก็บของพี่ย๊ะ
96,ตู้เหล็กเก็บเอกสาร แบบ 4 ลิ้นชัก,7110-002-3-123,-,พ.ย.-30,1,ใช้ได้,ห้องจัดเก็บครุภัณฑ์,ตู้,ห้องจัดเก็บครุภัณฑ์
97,ตู้เหล็กเก็บเอกสาร แบบ 4 ลิ้นชัก,7110-002-3-124,-,พ.ย.-30,1,ใช้ได้,ห้องหัวหน้าเชาว์,ตู้,-
98,ตู้เหล็กเก็บเอกสาร แบบ 4 ลิ้นชัก,7110-002-3-127,-,พ.ย.-30,1,ใช้ได้,ห้องหัวหน้าเชา,ตู้,-
99,ตู้เหล็กเก็บเอกสาร แบบ 4 ลิ้นชัก,7110-002-3-128,-,พ.ย.-30,1,ใช้ได้,ห้องพี่อุ๊,ตู้,-
100,ตู้เหล็กเก็บเอกสาร แบบ 4 ลิ้นชัก,7110-002-3-306,-,พ.ค.-33,1,ใช้ได้,ห้องจัดเก็บครุภัณฑ์,ตู้,ห้องจัดเก็บครุภัณฑ์
101,ตู้เหล็กเก็บเอกสาร แบบ 4 ลิ้นชัก,7110-002-3-308,-,พ.ค.-33,1,ใช้ได้,พี่พงศ์,ตู้,-
102,ตู้เหล็กเก็บเอกสาร แบบ 4 ลิ้นชัก,7110-002-3-421,-,พ.ย.-33,1,ใช้ได้,ห้อง ผอ.,ตู้,ห้อง ผอ.ส่วน
103,ตู้เหล็กเก็บเอกสาร แบบ 4 ลิ้นชัก,7110-002-3-423,-,พ.ย.-33,1,ใช้ได้,ประนอม,ตู้,-
104,ตู้เหล็กเก็บเอกสาร แบบ 4 ลิ้นชัก,7110-002-3-424,-,พ.ย.-33,1,ใช้ได้,หน้าลิฟท์,ตู้,-
105,ตู้เหล็กเก็บเอกสาร แบบ 4 ลิ้นชัก,7110-002-3-426,-,พ.ย.-33,1,ใช้ได้,ห้องหัวหน้าอนุมัติ,ตู้,-
106,ตู้เหล็กเก็บเอกสาร แบบ 4 ลิ้นชัก,7110-002-3-427,-,พ.ย.-33,1,ใช้ได้,ห้องเจนพิธีกร,ตู้,-
107,ตู้เหล็กเก็บเอกสาร แบบ 4 ลิ้นชัก,7110-002-3-950,-,พ.ค.-37,1,ใช้ได้,ห้องจัดเก็บครุภัณฑ์,ตู้,ห้องจัดเก็บครุภัณฑ์
108,ตู้เหล็กเก็บเอกสาร แบบ 4 ลิ้นชัก,7110-002-3-951,-,พ.ค.-37,1,ใช้ได้,หัวหน้าโจ,ตู้,-
109,ตู้เหล็กเก็บเอกสาร แบบ 4 ลิ้นชัก,7110-003-8-0726,-,19-ธ.ค.-49,1,ใช้ได้,ห้องพี่อุ๊,ตู้,-
110,ตู้เก็บแผนที่ 5 ลิ้นชัก,7110-002-5-014,-,16-ก.ย.-31,1,ใช้ได้,สทผ.3 ยืมที่ มท 0512.3/257  ลว 12 มิ.ย. 49,ตู้,-
111,ตู้เก็บแผนที่ 5 ลิ้นชัก,7110-002-5-015,-,16-ก.ย.-31,1,ใช้ได้,สทผ.3 ยืมที่ มท 0512.3/257 ลว 12 มิ.ย. 49,ตู้,-
112,ตู้เก็บแผนที่ 5 ลิ้นชัก,7110-002-5-017,-,16-ก.ย.-31,1,ใช้ได้,สทผ.3 ยืมที่ มท 0512.3/257  ลว 12 มิ.ย. 49,ตู้,-
113,ตู้เก็บแผนที่ 5 ลิ้นชัก,7110-002-5-018,-,16-ก.ย.-31,1,ใช้ได้,สทผ.3 ยืมที่ มท 0512.3/257 ลว 12 มิ.ย. 49,ตู้,-
114,ตู้เก็บแผนที่ 5 ลิ้นชัก,7110-002-5-019,-,16-ก.ย.-31,1,ใช้ได้,สทผ.3 ยืมที่ มท 0512.3/257  ลว 12 มิ.ย. 49,ตู้,-
115,ตู้เก็บแผนที่ชนิด 2 บาน แบบแขวน,7110-002-5-052,-,08-ก.พ.-31,1,ใช้ได้,ห้องระวาง,ตู้,-
116,ตู้เก็บแผนที่ชนิด 2 บาน แบบแขวน,7110-002-5-054,-,08-ก.พ.-31,1,ใช้ได้,ห้องระวาง,ตู้,-
117,ตู้เก็บแผนที่ชนิด 2 บาน แบบแขวน,7110-002-5-055,-,08-ก.พ.-31,1,ใช้ได้,ห้องระวาง,ตู้,-
118,ตู้เก็บแผนที่ชนิด 2 บาน แบบแขวน,7110-002-5-056,-,08-ก.พ.-31,1,ใช้ได้,ห้องระวาง,ตู้,-
119,ตู้เก็บแผนที่ชนิด 2 บาน แบบแขวน,ไม่มีหมายเลข,-,-,1,ใช้ได้,ห้องระวาง,ตู้,-
120,ตู้เก็บแผนที่ชนิด 2 บาน แบบแขวน,ไม่มีหมายเลข,-,-,1,ใช้ได้,ห้องระวาง,ตู้,-
121,ตู้เก็บแผนที่ชนิด 2 บาน แบบแขวน,ไม่มีหมายเลข,-,-,1,ใช้ได้,ห้องระวาง,ตู้,-
122,ตู้เก็บแผนที่ชนิด 2 บาน แบบแขวน,ไม่มีหมายเลข,-,-,1,ใช้ได้,ห้องระวาง,ตู้,-
123,เครื่องปรับอากาศ,4120-001-8520,-,มี.ค.-40,1,ใช้ได้,ห้องผอ.,เครื่องปรับอากาศ,ห้อง ผอ.ส่วน
124,เครื่องปรับอากาศ,4120-001-8521,-,มี.ค.-40,1,ใช้ได้,ห้องหัวหน้าอนุมัติ,เครื่องปรับอากาศ,-
125,เครื่องปรับอากาศ,4120-001-8522,-,มี.ค.-40,1,ใช้ได้,ห้องหัวหน้าเชาว์,เครื่องปรับอากาศ,-
126,เครื่องปรับอากาศ,4120-001-8523,-,มี.ค.-40,1,ใช้ได้,ห้องเจนพิธีกร,เครื่องปรับอากาศ,-
127,เครื่องปรับอากาศ,4120-001-8524,-,มี.ค.-40,1,ใช้ได้,หลังนิวัฒน์,เครื่องปรับอากาศ,-
128,เครื่องปรับอากาศ,4120-001-8525,-,มี.ค.-40,1,ใช้ได้,พล,เครื่องปรับอากาศ,-
129,เครื่องปรับอากาศ,4120-001-8526,-,มี.ค.-40,1,ใช้ได้,ห้องประชุม,เครื่องปรับอากาศ,ห้องประชุม
130,เครื่องปรับอากาศ,4120-001-8527,-,มี.ค.-40,1,ใช้ได้,ห้องประชุม,เครื่องปรับอากาศ,ห้องประชุม
131,เครื่องปรับอากาศ,4120-001-8559,-,มี.ค.-40,1,ใช้ได้,แอ้,เครื่องปรับอากาศ,-
132,เครื่องปรับอากาศ,4120-001-8560,-,มี.ค.-40,1,ใช้ได้,ประนอม,เครื่องปรับอากาศ,-
133,เครื่องปรับอากาศ,4120-002-2-2041,-,10-ก.ย.-50,1,ใช้ได้,ห้องปฏิบัติการ 2,เครื่องปรับอากาศ,ห้องปฏิบัติการ 2
134,เครื่องปรับอากาศ,4120-001-2-2044,-,10-ก.ย.-50,1,ใช้ได้,ห้องจัดเก็บครุภัณฑ์,เครื่องปรับอากาศ,ห้องจัดเก็บครุภัณฑ์
135,เครื่องปรับอากาศ,4120-001-0-2961,-,ก.พ.-53,1,ใช้ได้,รับบริจาคจากบริษัทอัลทิเมท โพซิซั่นนิ่ง จำกัด (ห้องปฏิบัติการ 2),เครื่องปรับอากาศ,-
136,เครื่องปรับอากาศ,4120-001-2-1769,-,ส.ค.-53,1,ใช้ได้,พี่อุ๊,เครื่องปรับอากาศ,-
137,เครื่องปรับอากาศ,4120-001-2-1770,-,ส.ค.-53,1,ใช้ได้,พี่หน่อย,เครื่องปรับอากาศ,-
138,เครื่องปรับอากาศ,4120-001-2-1771,-,ส.ค.-๑๙๕๓,1,ใช้ได้,พี่เอกสิทธ์,เครื่องปรับอากาศ,-
139,เครื่องปรับอากาศ,4210-001-2-3377/2554,-,ส.ค.-53,1,ใช้ได้,ห้องปฏิบัติการ 2,เครื่องปรับอากาศ,ห้องปฏิบัติการ 2
140,เครื่องปรับอากาศ,4120-001-2-2045/2550,-,พ.ค.-55,1,ใช้ได้,ห้องปฏิบัติการ 3,เครื่องปรับอากาศ,ห้องปฏิบัติการ 3
141,เครื่องปรับอากาศ,4120-001-2-2049/2550,-,พ.ค.-55,1,ใช้ได้,ห้องปฏิบัติการ 3,เครื่องปรับอากาศ,ห้องปฏิบัติการ 3
142,เครื่องปรับอากาศ,4120-001-2-2042/2550,-,พ.ค.-55,1,ใช้ได้,พี่ย๊ะ,เครื่องปรับอากาศ,-
143,เครื่องปรับอากาศ,4120-001-2-3389/2550,-,พ.ค.-55,1,ใช้ได้,ห้องจัดเก็บครุภัณฑ์,เครื่องปรับอากาศ,ห้องจัดเก็บครุภัณฑ์
144,เครื่องตัดกระดาษ,7490-002-0009,-,ต.ค.-33,1,ใช้ได้,ห้องเก็บวัสดุสำนักงาน,เครื่องตัดกระดาษ,-
145,เทปวัดระยะ,507584,-,มี.ค.-37,1,ใช้ได้,สนง.จ.สระแก้ว ขอยืมตามหนังสือที่  สก 0022.1/5091ลว. 4 เม.ย. 46,เทปวัดระยะ,-
146,เทปวัดระยะ,507551,-,มี.ค.-37,1,ใช้ได้,สนง.จ.สระแก้ว ขอยืมตามหนังสือที่  สก 0022.1/5091ลว. 4 เม.ย. 46,เทปวัดระยะ,-
147,เครื่องโทรศัพท์,5804-001-0497.2543,-,ก.พ.-43,1,ใช้ได้,หลังญาญ่า,เครื่องโทรศัพท์,-
148,เครื่องโทรศัพท์,5804-001-0498,-,ก.พ.-43,1,ใช้ได้,ห้องผอ.,เครื่องโทรศัพท์,ห้อง ผอ.ส่วน
149,เครื่องโทรศัพท์,5804-001-0522,-,ก.พ.-43,1,ใช้ได้,ห้องผอ.,เครื่องโทรศัพท์,ห้อง ผอ.ส่วน
150,พัดลมดูดอากาศ Panasonic,4140-002-0303,-,17-เม.ย.-55,1,ใช้ได้,ห้องประชุม,พัดลม,ห้องประชุม
151,พัดลมเพดาน  แบบโคจร ,ไม่มีหมายเลข,-,พ.ค.-55,27,ใช้ได้,-,พัดลม,อื่นๆ
152,เก้าอี้สำหรับที่ประชุม,7110-007-9-1886,-,27-ก.ย.-49,1,ใช้ได้,หน้าห้องประชุม,เก้าอี้,-
153,โต๊ะคอมพิวเตอร์,7440-013-3086.1,-,27-ก.ย.-49,1,ใช้ได้,พี่หน่อย,โต๊ะ,-
154,โต๊ะคอมพิวเตอร์,7440-013-3066.1,-,27-ก.ย.-49,1,ใช้ได้,ห้องกลาง,โต๊ะ,-
155,เก้าอี้นวมมีพนัก(ระดับ 3-5),7110-006-17175,-,27-ก.ย.-49,1,ใช้ได้,ห้องปฏิบัติการ 2 (ดิว),เก้าอี้,ห้องปฏิบัติการ 2
156,เก้าอี้นวมมีพนัก(ระดับ 3-5),7110-006-17176,-,27-ก.ย.-49,1,ใช้ได้,สมชาย,เก้าอี้,-
157,เก้าอี้นวมมีพนัก(ระดับ 3-5),7110-006-17177,-,27-ก.ย.-49,1,ใช้ได้,สายัณห์,เก้าอี้,-
158,เก้าอี้นวมมีพนัก(ระดับ 3-5),7110-006-17178,-,27-ก.ย.-49,1,ใช้ได้,ห้องปฏิบัติการ 2 (น้ำ),เก้าอี้,ห้องปฏิบัติการ 2
159,เก้าอี้นวมมีพนัก(ระดับ 3-5),7110-006-17179,-,27-ก.ย.-49,1,ใช้ได้,เอกสิทธิ์,เก้าอี้,-
160,เก้าอี้นวมมีพนัก(ระดับ 3-5),7110-006-17180,-,27-ก.ย.-49,1,ใช้ได้,พี่พล,เก้าอี้,-
161,เก้าอี้นวมมีพนัก(ระดับ 3-5),7110-006-17181,-,27-ก.ย.-49,1,ใช้ได้,โบ้,เก้าอี้,-
162,เก้าอี้นวมมีพนัก(ระดับ 3-5),7110-006-17182,-,27-ก.ย.-49,1,ใช้ได้,หัวหน้าโจ,เก้าอี้,-
163,เก้าอี้นวมมีพนัก(ระดับ 3-5),7110-006-17183,-,27-ก.ย.-49,1,ใช้ได้,พี่เขี้ยว,เก้าอี้,-
164,เก้าอี้นวมมีพนัก(ระดับ 3-5),7110-006-17184,-,27-ก.ย.-49,1,ใช้ได้,พี่มาย,เก้าอี้,-
165,เก้าอี้นวมมีพนัก(ระดับ 3-5),7110-006-17185,-,27-ก.ย.-49,1,ใช้ได้,ห้องปฏิบัติการ 2 (ขวัญ),เก้าอี้,ห้องปฏิบัติการ 2
166,เก้าอี้นวมมีพนัก(ระดับ 3-5),7110-006-17186,-,27-ก.ย.-49,1,ใช้ได้,พี่จึง,เก้าอี้,-
167,เก้าอี้นวมมีพนัก(ระดับ 3-5),7110-006-17187,-,27-ก.ย.-49,1,ใช้ได้,พี่เอี้ยง,เก้าอี้,-
168,เก้าอี้นวมมีพนัก(ระดับ 3-5),7110-006-17188,-,27-ก.ย.-49,1,ใช้ได้,ห้องจัดเก็บครุภัณฑ์,เก้าอี้,ห้องจัดเก็บครุภัณฑ์
169,เก้าอี้นวมมีพนัก(ระดับ 3-5),7110-006-17189,-,27-ก.ย.-49,1,ใช้ได้,พี่นิวัฒน์,เก้าอี้,-
170,เก้าอี้นวมมีพนัก(ระดับ 3-5),7110-006-17190,-,27-ก.ย.-49,1,ใช้ได้,ห้องจัดเก็บครุภัณฑ์คอมพิวเตอร์,เก้าอี้,ห้องจัดเก็บครุภัณฑ์คอมพิวเตอร์
171,เก้าอี้นวมมีพนัก(ระดับ 3-5),7110-006-17191,-,27-ก.ย.-49,1,ใช้ได้,ห้องปฏิบัติการ 3,เก้าอี้,ห้องปฏิบัติการ 3
172,เก้าอี้นวมมีพนัก(ระดับ 3-5),7110-006-17192,-,27-ก.ย.-49,1,ใช้ได้,ห้องปฏิบัติการ 2 (ตึก),เก้าอี้,ห้องปฏิบัติการ 2
173,เก้าอี้นวมมีพนัก(ระดับ 3-5),7110-006-17193,-,27-ก.ย.-49,1,ใช้ได้,หน้าลิฟท์ด้านหลัง (ชำรุด),เก้าอี้,-
174,เก้าอี้นวมมีพนัก(ระดับ 3-5),7110-006-17194,-,27-ก.ย.-49,1,ใช้ได้,ห้องปฏิบัติการ 2 (เป้),เก้าอี้,ห้องปฏิบัติการ 2
175,เก้าอี้นวมมีพนัก(ระดับ 3-5),7110-006-17195,-,27-ก.ย.-49,1,ใช้ได้,พี่หน่อย,เก้าอี้,-
176,เก้าอี้นวมมีพนัก(ระดับ 3-5),7110-006-17196,-,27-ก.ย.-49,1,ใช้ได้,พี่จอม,เก้าอี้,-
177,เก้าอี้นวมมีพนัก(ระดับ 3-5),7110-006-17197,-,27-ก.ย.-49,1,ใช้ได้,ห้องcom 105,เก้าอี้,-
178,เก้าอี้นวมมีพนัก(ระดับ 3-5),7110-006-17198,-,27-ก.ย.-49,1,ใช้ได้,จิตรานุช,เก้าอี้,-
179,เก้าอี้นวมมีพนัก(ระดับ 3-5),7110-006-17199,-,27-ก.ย.-49,1,ใช้ได้,พี่หน่อย,เก้าอี้,-
180,เก้าอี้นวมมีพนัก(ระดับ 3-5),7110-006-17200,-,27-ก.ย.-49,1,ใช้ได้,แอ๊ว,เก้าอี้,-
181,เก้าอี้นวมมีพนัก(ระดับ 3-5),7110-006-17201,-,27-ก.ย.-49,1,ใช้ได้,ธวัชชัย,เก้าอี้,-
182,เก้าอี้นวมมีพนัก(ระดับ 3-5),7110-006-17202,-,27-ก.ย.-49,1,ใช้ได้,แท๊บ,เก้าอี้,-
183,เก้าอี้นวมมีพนัก(ระดับ 3-5),7110-006-17203,-,27-ก.ย.-49,1,ใช้ได้,หน้าห้องพี่ย๊ะ,เก้าอี้,-
184,เก้าอี้นวมมีพนัก(ระดับ 3-5),7110-006-17204,-,27-ก.ย.-49,1,ใช้ได้,พี่เป้,เก้าอี้,-
185,เก้าอี้นวมมีพนัก(ระดับ 3-5),7110-006-46603,-,01-ต.ค.-61,1,ใช้ได้,แอฟ,เก้าอี้,-
186,เก้าอี้นวมมีพนัก(ระดับ 3-5),7110-006-46604,-,01-ต.ค.-61,1,ใช้ได้,กีก,เก้าอี้,-
187,เก้าอี้ (ระดับ 7-8),7110-006-17205,-,27-ก.ย.-49,1,ใช้ได้,หัวหน้าโจ,เก้าอี้,-
188,เก้าอี้ (ระดับ 7-8),7110-006-17206,-,27-ก.ย.-49,1,ใช้ได้,หัวหน้าเชา,เก้าอี้,-
189,เก้าอี้ (ระดับ 7-8),7110-006-17207,-,27-ก.ย.-49,1,ใช้ได้,ปีน,เก้าอี้,-
190,เก้าอี้ (ระดับ 7-8),7110-006-17208,-,27-ก.ย.-49,1,ใช้ได้,พี่เป็ด,เก้าอี้,-
191,เก้าอี้หมุนพนักพิง,7110-006-17210,-,27-ก.ย.-49,1,ใช้ได้,ห้องจัดเก็บครุภัณฑ์,เก้าอี้,ห้องจัดเก็บครุภัณฑ์
192,เก้าอี้หมุนพนักพิง,7110-006-17211,-,27-ก.ย.-49,1,ใช้ได้,ห้องปฏิบัติการ 2 ,เก้าอี้,ห้องปฏิบัติการ 2
193,เก้าอี้หมุนพนักพิง,7110-006-17213,-,27-ก.ย.-49,1,ใช้ได้,ห้องปฏิบัติการ 3 (เต้อ),เก้าอี้,ห้องปฏิบัติการ 3
194,เก้าอี้หมุนพนักพิง,7110-006-17215,-,27-ก.ย.-49,1,ใช้ได้,ห้องเก็บของ,เก้าอี้,ห้องเก็บของ
195,เก้าอี้หมุนพนักพิง,7110-006-17216,-,27-ก.ย.-49,1,ชำรุด,หน้าลิฟท์ด้านหลัง (ชำรุด),เก้าอี้,-
196,เก้าอี้หมุนพนักพิง,7110-006-17220,-,27-ก.ย.-49,1,ใช้ได้,ห้องปฏิบัติการ 3 (เดฟ),เก้าอี้,ห้องปฏิบัติการ 3
197,เก้าอี้หมุนพนักพิง,7110-006-17222,-,27-ก.ย.-49,1,ใช้ได้,ห้องจัดเก็บครุภัณฑ์,เก้าอี้,ห้องจัดเก็บครุภัณฑ์
198,เก้าอี้หมุนพนักพิง,7110-006-17223,-,27-ก.ย.-49,1,ใช้ได้,หน้าลิฟท์ด้านหลัง (ชำรุด),เก้าอี้,-
199,เก้าอี้หมุนพนักพิง,7110-006-17224,-,27-ก.ย.-49,1,ใช้ได้,ห้องcom 105,เก้าอี้,-
200,เก้าอี้หมุนพนักพิง,711๐-007-9-1889,-,27-ก.ย.-49,1,ใช้ได้,ห้องจัดเก็บครุภัณฑ์,เก้าอี้,ห้องจัดเก็บครุภัณฑ์
201,เก้าอี้หมุนพนักพิง,7110-006-17214,-,27-ก.ย.-49,1,ใช้ได้,หน้าลิฟท์ด้านหลัง (ชำรุด),เก้าอี้,-
202,เก้าอี้หมุนพนักพิง,7110-006-17219,-,27-ก.ย.-49,1,ใช้ได้,หน้าห้องประชุม,เก้าอี้,-
203,เก้าอี้หมุนพนักพิง,7110-006-17226,-,27-ก.ย.-49,1,ใช้ได้,ด้านหน้าสมชาย,เก้าอี้,-
204,เก้าอี้หมุนพนักพิง,7110-006-17228,-,27-ก.ย.-49,1,ใช้ได้,ห้องปฏิบัติการ 3 ,เก้าอี้,ห้องปฏิบัติการ 3
205,เก้าอี้หมุนพนักพิง,7110-006-18294,-,27-ก.ย.-49,1,ชำรุด,หน้าลิฟท์ด้านหลัง (ชำรุด),เก้าอี้,-
206,เก้าอี้สำหรับที่ประชุม,7110-006-17229,-,27-ก.ย.-49,1,ใช้ได้,พี่ย๊ะ,เก้าอี้,-
207,เก้าอี้สำหรับที่ประชุม,7110-006-17230,-,27-ก.ย.-49,1,ใช้ได้,ห้องปฏิบัติการ 3 ,เก้าอี้,ห้องปฏิบัติการ 3
208,เก้าอี้สำหรับที่ประชุม,7110-006-17231,-,27-ก.ย.-49,1,ใช้ได้,ห้องเก็บของครัว,เก้าอี้,ห้องเก็บของครัว
209,เก้าอี้สำหรับที่ประชุม,7110-006-17232,-,27-ก.ย.-49,1,ใช้ได้,ห้องเก็บวัสดุสำนักงาน,เก้าอี้,-
210,เก้าอี้สำหรับที่ประชุม,7110-006-17233,-,27-ก.ย.-49,1,ใช้ได้,พี่ย๊ะ,เก้าอี้,-
211,เก้าอี้สำหรับที่ประชุม,7110-006-17234,-,27-ก.ย.-49,1,ใช้ได้,หน้าห้องประชุม,เก้าอี้,-
212,เก้าอี้สำหรับที่ประชุม,7110-006-17235,-,27-ก.ย.-49,1,ใช้ได้,ห้องพี่ย๊ะ,เก้าอี้,-
213,เก้าอี้สำหรับที่ประชุม,7110-006-17236,-,27-ก.ย.-49,1,ใช้ได้,ห้องเก็บวัสดุสำนักงาน,เก้าอี้,-
214,เก้าอี้สำหรับที่ประชุม,7110-006-17237,-,27-ก.ย.-49,1,ใช้ได้,ห้องประชุม,เก้าอี้,ห้องประชุม
215,เก้าอี้สำหรับที่ประชุม,7110-006-17238,-,27-ก.ย.-49,1,ชำรุด,หญิง,เก้าอี้,-
216,เก้าอี้สำหรับที่ประชุม,7110-006-17239,-,27-ก.ย.-49,1,ชำรุด,ห้องประชุม,เก้าอี้,ห้องประชุม
217,เก้าอี้สำหรับที่ประชุม,7110-006-17240,-,27-ก.ย.-49,1,ชำรุด,ห้องจัดเก็บครุภัณฑ์,เก้าอี้,ห้องจัดเก็บครุภัณฑ์
218,เก้าอี้สำหรับที่ประชุม,7110-006-17241,-,27-ก.ย.-49,1,ใช้ได้,เป้,เก้าอี้,-
219,เก้าอี้สำหรับที่ประชุม,7110-006-17242,-,27-ก.ย.-49,1,ใช้ได้,หัวหน้าโจ,เก้าอี้,-
220,เก้าอี้สำหรับที่ประชุม,7110-006-17243,-,27-ก.ย.-49,1,ใช้ได้,ห้องประชุม,เก้าอี้,ห้องประชุม
221,เก้าอี้สำหรับที่ประชุม,7110-006-17244,-,27-ก.ย.-49,1,ใช้ได้,หน้าห้องผอ.,เก้าอี้,หน้าห้อง ผอ.ส่วน
222,เก้าอี้สำหรับที่ประชุม,7110-006-17245,-,27-ก.ย.-49,1,ชำรุด,ห้องประชุม,เก้าอี้,ห้องประชุม
223,เก้าอี้สำหรับที่ประชุม,7110-006-17246,-,27-ก.ย.-49,1,ใช้ได้,ห้องประชุม,เก้าอี้,ห้องประชุม
224,เก้าอี้สำหรับที่ประชุม,7110-006-17247,-,27-ก.ย.-49,1,ใช้ได้,ห้องจัดเก็บครุภัณฑ์,เก้าอี้,ห้องจัดเก็บครุภัณฑ์
225,เก้าอี้สำหรับที่ประชุม,7110-006-17248,-,27-ก.ย.-49,1,ใช้ได้,ห้องพี่ย๊ะ,เก้าอี้,-
226,เก้าอี้สำหรับที่ประชุม,7110-006-17249,-,27-ก.ย.-49,1,ใช้ได้,ห้องเก็บของพี่ย๊ะ,เก้าอี้,ห้องเก็บของพี่ย๊ะ
227,เก้าอี้สำหรับที่ประชุม,7110-006-172450,-,27-ก.ย.-49,1,ชำรุด,ห้องประชุม,เก้าอี้,ห้องประชุม
228,เก้าอี้สำหรับที่ประชุม,7110-006-17251,-,27-ก.ย.-49,1,ใช้ได้,หน้าห้องพี่พงศ์,เก้าอี้,-
229,เก้าอี้สำหรับที่ประชุม,7110-006-172452,-,27-ก.ย.-49,1,ใช้ได้,ห้องประชุม,เก้าอี้,ห้องประชุม
230,เก้าอี้สำหรับที่ประชุม,7110-006-172453,-,27-ก.ย.-49,1,ใช้ได้,พี่ย๊ะ,เก้าอี้,-
231,โต๊ะสำหรับวางระวางแผนที่,7110-007-15-2632,-,27-ก.ย.-49,1,ชำรุด,ทางเดิน วางไมโครเวฟ,โต๊ะ,-
232,โต๊ะสำหรับวางระวางแผนที่,7110-007-15-2633,-,27-ก.ย.-49,1,ชำรุด,ห้องเก็บของด้านล่าง,โต๊ะ,ห้องเก็บของ
233,โต๊ะสำหรับวางระวางแผนที่,7110-007-15-2634,-,27-ก.ย.-49,1,ใช้ได้,หน้าลิฟท์,โต๊ะ,-
234,โต๊ะสำหรับวางระวางแผนที่,7110-007-15-2635,-,27-ก.ย.-49,1,ใช้ได้,ทางเดินห้องจัดเก็บครุภัณฑ์,โต๊ะ,-
235,โต๊ะสำหรับวางระวางแผนที่,7110-007-15-2636,-,27-ก.ย.-49,1,ใช้ได้,ห้องจัดเก็บครุภัณฑ์,โต๊ะ,ห้องจัดเก็บครุภัณฑ์
236,โต๊ะสำหรับวางระวางแผนที่,7110-007-15-2637,-,27-ก.ย.-49,1,ใช้ได้,ทางเดินห้องจัดเก็บครุภัณฑ์,โต๊ะ,-
237,โต๊ะสำหรับวางระวางแผนที่,7110-007-15-2638,-,27-ก.ย.-49,1,ใช้ได้,ห้องเก็บของพี่ย๊ะ,โต๊ะ,ห้องเก็บของพี่ย๊ะ
238,โต๊ะสำหรับวางระวางแผนที่,7110-007-15-2639,-,27-ก.ย.-49,1,ใช้ได้,ห้องประชุม,โต๊ะ,ห้องประชุม
239,เครื่องพิมพ์มัลติฟังก์ชั่น ยี่ห้อ CANON ,๕๘๑๕-๐๐๑-2120,-,๒๘-พ.ค.-๑๙๖๑,1,ใช้ได้,พี่หน่อย,เครื่องพิมพ์,-
240,อุปกรณ์เชื่อมต่อเครือข่าย,7440-115-0013.8,-,22-ธ.ค.-49,1,ใช้ได้,ห้องปฏิบัติการ 1 (หลังมารีย๊ะ),อุปกรณ์เชื่อมต่อเครือข่าย,ห้องปฏิบัติการ 1
241,เครื่องพิมพ์ยี่ห้อ EPSON รุ่น WF ๗๐๑๑,ไม่มีหมายเลข,-,27 เม.ย 59,1,ใช้ได้,SERIAL NO.NL4Y003240 (พี่หน่อย),เครื่องพิมพ์,-
242,ตู้เหล็กเก็บเอกสารชนิด 2 ลิ้นชัก,7110-003-8-0730,-,19-ธ.ค.-49,1,ใช้ได้,ข้างกิ๊ก,ตู้,-
243,ตู้เหล็กเก็บเอกสารชนิด 2 ลิ้นชัก,7110-003-8-0731,-,19-ธ.ค.-49,1,ใช้ได้,ห้อง ผอ.,ตู้,หน้าห้อง ผอ.ส่วน
244,ตู้เหล็กเก็บเอกสารชนิด 10 ลิ้นชัก,7110-003-8-0728,-,19-ธ.ค.-49,1,ใช้ได้,หน้าห้องหัวหน้าเชา,ตู้,-
245,ตู้เหล็กเก็บเอกสารชนิด 10 ลิ้นชัก,7110-003-8-0729,-,19-ธ.ค.-49,1,ใช้ได้,หน้าห้องหัวหน้าเชา,ตู้,-
246,ตู้ DVD 8 ชั้น,7110-013-8-0793,-,15-ม.ค.-50,1,ใช้ได้,ห้องเก็บของพี่ย๊ะ,ตู้,ห้องเก็บของพี่ย๊ะ
247,ตู้ DVD 8 ชั้น,7110-013-8-0794,-,15-ม.ค.-50,1,ใช้ได้,ห้องเก็บของพี่ย๊ะ,ตู้,ห้องเก็บของพี่ย๊ะ
248,เครื่องถ่ายเอกสาร,7430-003-0935/2554,-,2554,1,ชำรุด,ยี่ห้อโคนิก๊ามินอลต้า รุ่น BH363 (ห้องเก็บของ) หมายเลขเครื่อง AIUE 041000709,เครื่องถ่ายเอกสาร,ห้องเก็บของ
249,เครื่องถ่ายเอกสาร RICOH,7430-003-1183,-,16-เม.ย.-63,1,ใช้ได้,หมายเลขเครื่อง C399PC00824,เครื่องถ่ายเอกสาร,-
250,เครื่องกรองน้ำทำความร้อน-เย็น,4110-002-0392/2554,-,2554,1,ใช้ได้,ยี่ห้อฮุนได หน้าห้องน้ำ,เครื่องกรองน้ำทำความร้อน-เย็น,-
251,รถเข็นพื้นเหล็กชั้นเดียว,3920-005-0144,-,23-ส.ค.-56,1,ใช้ได้,ห้องเก็บของครัว หน้าลิฟท์,รถเข็นพื้นเหล็กชั้นเดียว,ห้องเก็บของครัว
252,เก้าอี้ล้อเลื่อน ระดับ 3-6,7110-006-18297,-,22-มิ.ย.-49,1,ชำรุด,ห้องเก็บของพี่ย๊ะ,เก้าอี้,ห้องเก็บของพี่ย๊ะ
253,เก้าอี้ล้อเลื่อน ระดับ 3-6,7110-006-18299,-,22-มิ.ย.-49,1,ชำรุด,ผึ้ง,เก้าอี้,-
254,เก้าอี้ล้อเลื่อน ระดับ 3-6,7110-006-18300,-,22-มิ.ย.-49,1,ชำรุด,ห้องเก็บของพี่ย๊ะ,เก้าอี้,ห้องเก็บของพี่ย๊ะ
255,เก้าอี้ล้อเลื่อน ระดับ 3-6,7110-006-18313,-,22-มิ.ย.-49,1,ชำรุด,พี่ย๊ะ,เก้าอี้,-
256,เก้าอี้ล้อเลื่อน ระดับ 3-6,7110-006-18302,-,22-มิ.ย.-49,1,ชำรุด,ใหม่,เก้าอี้,-
257,เก้าอี้ล้อเลื่อน ระดับ 3-6,7110-006-18306,-,22-มิ.ย.-49,1,ชำรุด,สาว,เก้าอี้,-
258,เก้าอี้ล้อเลื่อน ระดับ 3-6,7110-006-18308,-,22-มิ.ย.-49,1,ชำรุด,ชมพู่,เก้าอี้,-
259,เก้าอี้ล้อเลื่อน ระดับ 7-8 ,7110-006-18310,-,22-มิ.ย.-49,1,ชำรุด,ห้องหัวหน้าฝ่าย (ข้างห้องผอ.),เก้าอี้,ห้องหัวหน้าฝ่าย (ข้างห้องผอ.)
260,เก้าอี้ล้อเลื่อน ระดับ 7-8 ,7110-006-18312,-,22-มิ.ย.-49,1,ชำรุด,แอน,เก้าอี้,-
261,เก้าอี้ล้อเลื่อน ระดับ 7-8 ,7440-013-3072.1,-,22-มิ.ย.-49,1,ชำรุด,ห้องเก็บไม้แขวนระวาง,เก้าอี้,-
262,เก้าอี้ล้อเลื่อน,7110-006-18301,-,21-ก.ค.-49,1,ใช้ได้,แอร์,เก้าอี้,-
263,โต๊ะ ยี่ห้อ WINNER รุ่น WT80H,7440-013-3080.1,-,21-ก.ค.-49,1,ใช้ได้,หญิง,โต๊ะ,-
264,โต๊ะ ยี่ห้อ WINNER รุ่น WT80H,7440-013-3089.1,-,21-ก.ค.-49,1,ใช้ได้,มาย,โต๊ะ,-
265,โต๊ะ ยี่ห้อ WINNER รุ่น WT80H,7440-013-3093.1,-,21-ก.ค.-49,1,ใช้ได้,พี่น้อย,โต๊ะ,-
266,โต๊ะ ยี่ห้อ WINNER รุ่น WT80H,7440-013-3088.1,-,21-ก.ค.-49,1,ใช้ได้,หนุ่ย,โต๊ะ,-
267,โต๊ะ ยี่ห้อ WINNER รุ่น WT80H,7440-013-3064.1,-,21-ก.ค.-49,1,ใช้ได้,สาว,โต๊ะ,-
268,โต๊ะ ยี่ห้อ WINNER รุ่น WT80H,7440-013-3076.1,-,21-ก.ค.-49,1,ใช้ได้,มอส,โต๊ะ,-
269,โต๊ะ ยี่ห้อ WINNER รุ่น WT80H,7440-013-3095.1,-,21-ก.ค.-49,1,ใช้ได้,ก้อย,โต๊ะ,-
270,โต๊ะ ยี่ห้อ WINNER รุ่น WT80H,7440-013-3070.1,-,21-ก.ค.-49,1,ใช้ได้,ผึ้ง,โต๊ะ,-
271,โต๊ะ ยี่ห้อ WINNER รุ่น WT80H,7440-013-3077.1,-,21-ก.ค.-49,1,ใช้ได้,แบงค์,โต๊ะ,-
272,โต๊ะคอมพิวเตอร์แบบขาเหล็ก(ยาว)  ,7110-007-10-015,-,21-ก.ค.-49,1,ใช้ได้,กอบชัย,โต๊ะ,-
273,โต๊ะคอมพิวเตอร์แบบขาเหล็ก(ยาว)  ,7110-007-10-017,-,21-ก.ค.-49,1,ใช้ได้,สุเมธ,โต๊ะ,-
274,เก้าอี้หมุนพนักพิง ,7110-007-9-1893,-,,1,ชำรุด,ห้องปฏิบัติการ 3 ,เก้าอี้,ห้องปฏิบัติการ 3
275,เก้าอี้หมุนพนักพิง ,7440-013-3060.1/2549,-,,1,ชำรุด,ห้องปฏิบัติการ 3 ,เก้าอี้,ห้องปฏิบัติการ 3
276,เก้าอี้หมุนพนักพิง ,7440-013-3075.1/2549,-,,1,ชำรุด,พี่เหมียว,เก้าอี้,-
277,โต๊ะพับเหล็ก,7110-007-6-433,-,,1,ชำรุด,ฝากเก็บ กทผ.6,โต๊ะ,-
278,โต๊ะพับเหล็ก,7110-007-6-473,-,,1,ชำรุด,ฝากเก็บ กทผ.6,โต๊ะ,-
279,โต๊ะพับเหล็ก,7110-007-6-438,-,,1,ชำรุด,ฝากเก็บ กทผ.6,โต๊ะ,-
280,คอมพิวเตอร์ ยี่ห้อ Asus รุ่น D700SDES   ,7440-013-2-9819,110000 004030 0,26-พ.ค.-66,1,ใช้ได้,โต๊ะนพรัตน์,คอมพิวเตอร์,-
281,คอมพิวเตอร์ ยี่ห้อ Asus รุ่น D700SDES   ,7440-013-2-9820,110000 004031 0 ,26-พ.ค.-66,1,ใช้ได้,โต๊ะว่าง,คอมพิวเตอร์,-
282,คอมพิวเตอร์ ยี่ห้อ Asus รุ่น D700SDES   ,7440-013-2-9821,110000 004032 0,26-พ.ค.-66,1,ใช้ได้,โต๊ะปาริชาติ,คอมพิวเตอร์,-
283,คอมพิวเตอร์ ยี่ห้อ Asus รุ่น D700SDES   ,7440-013-2-9822,110000 004033 0,26-พ.ค.-66,1,ใช้ได้,โต๊ะวาริณ,คอมพิวเตอร์,-
284,คอมพิวเตอร์ ยี่ห้อ Asus รุ่น D700SDES   ,7440-013-2-9823,110000 004034 0,26-พ.ค.-66,1,ใช้ได้,โต๊ะประชัน,คอมพิวเตอร์,-
285,คอมพิวเตอร์ ยี่ห้อ Asus รุ่น D700SDES   ,7440-013-2-9824,110000 004035 0,26-พ.ค.-66,1,ใช้ได้,โต๊ะว่าง,คอมพิวเตอร์,-
286,คอมพิวเตอร์ ยี่ห้อ Asus รุ่น D700SDES   ,7440-013-2-9825,110000 004036 0,26-พ.ค.-66,1,ใช้ได้,โต๊ะว่าง,คอมพิวเตอร์,-
287,คอมพิวเตอร์ ยี่ห้อ Asus รุ่น D700SDES   ,7440-013-2-9826,110000 004037 0,26-พ.ค.-66,1,ใช้ได้,โต๊ะอธินี,คอมพิวเตอร์,-
288,คอมพิวเตอร์ ยี่ห้อ Asus รุ่น D700SDES   ,7440-013-2-9827,110000 004038 0,26-พ.ค.-66,1,ใช้ได้,ว่าง,คอมพิวเตอร์,-
289,คอมพิวเตอร์ ยี่ห้อ Asus รุ่น D700SDES   ,7440-013-2-9828,110000 004039 0,26-พ.ค.-66,1,ใช้ได้,โต๊ะว่าง,คอมพิวเตอร์,-
290,คอมพิวเตอร์ ยี่ห้อ Asus รุ่น D700SDES   ,7440-013-2-9829,110000 004040 0,26-พ.ค.-66,1,ใช้ได้,โต๊ะว่าง,คอมพิวเตอร์,-
291,คอมพิวเตอร์ ยี่ห้อ Asus รุ่น D700SDES   ,7440-013-2-9830,110000 004041 0,26-พ.ค.-66,1,ใช้ได้,โต๊ะว่าง,คอมพิวเตอร์,-
292,คอมพิวเตอร์ ยี่ห้อ Asus รุ่น D700SDES   ,7440-013-2-9831,110000 004042 0,26-พ.ค.-66,1,ใช้ได้,โต๊ะฤทธิชัย,คอมพิวเตอร์,-
293,คอมพิวเตอร์ ยี่ห้อ Asus รุ่น D700SDES   ,7440-013-2-9832,110000 004043 0,26-พ.ค.-66,1,ใช้ได้,โต๊ะมูฮัมหมัดนิสสัน,คอมพิวเตอร์,-
294,คอมพิวเตอร์ ยี่ห้อ Asus รุ่น D700SDES   ,7440-013-2-9833,110000 004044 0,26-พ.ค.-66,1,ใช้ได้,โต๊ะมรกต,คอมพิวเตอร์,-
295,คอมพิวเตอร์ ยี่ห้อ Asus รุ่น D700SDES   ,7440-013-2-9834,110000 004045 0,26-พ.ค.-66,1,ใช้ได้,ว่าง,คอมพิวเตอร์,-
296,คอมพิวเตอร์ ยี่ห้อ Asus รุ่น D700SDES   ,7440-013-2-9835,110000 004046 0,26-พ.ค.-66,1,ใช้ได้,ว่าง,คอมพิวเตอร์,-
297,คอมพิวเตอร์ ยี่ห้อ Asus รุ่น D700SDES   ,7440-013-2-9836,110000 004047 0,26-พ.ค.-66,1,ใช้ได้,ว่าง,คอมพิวเตอร์,-
298,คอมพิวเตอร์ ยี่ห้อ Asus รุ่น D700SDES   ,7440-013-2-9837,110000 004048 0,26-พ.ค.-66,1,ใช้ได้,โต๊ะสิรินาถ,คอมพิวเตอร์,-
299,คอมพิวเตอร์ ยี่ห้อ Asus รุ่น D700SDES   ,7440-013-2-9838,110000 004049 0,26-พ.ค.-66,1,ใช้ได้,โต๊ะรัญชิดา,คอมพิวเตอร์,-
300,คอมพิวเตอร์ ยี่ห้อ Asus รุ่น D700SDES   ,7440-013-2-9839,110000 004050 0,26-พ.ค.-66,1,ใช้ได้,โต๊ะนิรดา,คอมพิวเตอร์,-
301,คอมพิวเตอร์ ยี่ห้อ Asus รุ่น D700SDES   ,7440-013-2-9840,110000 004051 0,26-พ.ค.-66,1,ใช้ได้,โต๊ะกอบชัย,คอมพิวเตอร์,-
302,คอมพิวเตอร์ ยี่ห้อ Asus รุ่น D700SDES   ,7440-013-2-9841,110000 004052 0,26-พ.ค.-66,1,ใช้ได้,โต๊ะปุณยวีร์,คอมพิวเตอร์,-
303,คอมพิวเตอร์ ยี่ห้อ Asus รุ่น D700SDES   ,7440-013-2-9842,110000 004053 0,26-พ.ค.-66,1,ใช้ได้,โต๊ะณัฐวุฒิ สุวานิช,คอมพิวเตอร์,-
304,คอมพิวเตอร์ ยี่ห้อ Asus รุ่น D700SDES   ,7440-013-2-9843,110000 004054 0,26-พ.ค.-66,1,ใช้ได้,โต๊ะว่าง,คอมพิวเตอร์,-
305,คอมพิวเตอร์ ยี่ห้อ Asus รุ่น D700SDES   ,7440-013-2-9844,110000 004055 0,26-พ.ค.-66,1,ใช้ได้,โต๊ะว่าง,คอมพิวเตอร์,-
306,คอมพิวเตอร์ ยี่ห้อ Asus รุ่น D700SDES   ,7440-013-2-9845,110000 004056 0,26-พ.ค.-66,1,ใช้ได้,โต๊ะเจนพิธีกร,คอมพิวเตอร์,-
307,คอมพิวเตอร์ ยี่ห้อ Asus รุ่น D700SDES   ,7440-013-2-9846,110000 004057 0,26-พ.ค.-66,1,ใช้ได้,โต๊ะกนกนุช,คอมพิวเตอร์,-
308,คอมพิวเตอร์ ยี่ห้อ Asus รุ่น D700SDES   ,7440-013-2-9847,110000 004058 0,26-พ.ค.-66,1,ใช้ได้,โต๊ะจิตรานุช,คอมพิวเตอร์,-
309,คอมพิวเตอร์ ยี่ห้อ Asus รุ่น D700SDES   ,7440-013-2-9848,110000 004059 0,26-พ.ค.-66,1,ใช้ได้,โต๊ะภาคภูมิ,คอมพิวเตอร์,-
310,จอคอมพิวเตอร์ ยี่ห้อ Asus รุ่น C2221HE,7440-006-12580,110000 004030 0,26-พ.ค.-66,1,ใช้ได้,โต๊ะนพรัตน์,จอคอมพิวเตอร์,-
311,จอคอมพิวเตอร์ ยี่ห้อ Asus รุ่น C2221HE,7440-006-12581,110000 004031 0,26-พ.ค.-66,1,ใช้ได้,โต๊ะว่าง,จอคอมพิวเตอร์,-
312,จอคอมพิวเตอร์ ยี่ห้อ Asus รุ่น C2221HE,7440-006-12582,110000 004032 0,26-พ.ค.-66,1,ใช้ได้,โต๊ะปาริชาติ,จอคอมพิวเตอร์,-
313,จอคอมพิวเตอร์ ยี่ห้อ Asus รุ่น C2221HE,7440-006-12583,110000 004033 0,26-พ.ค.-66,1,ใช้ได้,โต๊ะวาริณ,จอคอมพิวเตอร์,-
314,จอคอมพิวเตอร์ ยี่ห้อ Asus รุ่น C2221HE,7440-006-12584,110000 004034 0,26-พ.ค.-66,1,ใช้ได้,โต๊ะประชัน,จอคอมพิวเตอร์,-
315,จอคอมพิวเตอร์ ยี่ห้อ Asus รุ่น C2221HE,7440-006-12585,110000 004035 0,26-พ.ค.-66,1,ใช้ได้,โต๊ะว่าง,จอคอมพิวเตอร์,-
316,จอคอมพิวเตอร์ ยี่ห้อ Asus รุ่น C2221HE,7440-006-12586,110000 004036 0,26-พ.ค.-66,1,ใช้ได้,โต๊ะว่าง,จอคอมพิวเตอร์,-
317,จอคอมพิวเตอร์ ยี่ห้อ Asus รุ่น C2221HE,7440-006-12587,110000 004037 0,26-พ.ค.-66,1,ใช้ได้,โต๊ะอธินี,จอคอมพิวเตอร์,-
318,จอคอมพิวเตอร์ ยี่ห้อ Asus รุ่น C2221HE,7440-006-12588,110000 004038 0,26-พ.ค.-66,1,ใช้ได้,ว่าง,จอคอมพิวเตอร์,-
319,จอคอมพิวเตอร์ ยี่ห้อ Asus รุ่น C2221HE,7440-006-12589,110000 004039 0,26-พ.ค.-66,1,ใช้ได้,โต๊ะว่าง,จอคอมพิวเตอร์,-
320,จอคอมพิวเตอร์ ยี่ห้อ Asus รุ่น C2221HE,7440-006-12590,110000 004040 0,26-พ.ค.-66,1,ใช้ได้,โต๊ะว่าง,จอคอมพิวเตอร์,-
321,จอคอมพิวเตอร์ ยี่ห้อ Asus รุ่น C2221HE,7440-006-12591,110000 004041 0,26-พ.ค.-66,1,ใช้ได้,โต๊ะว่าง,จอคอมพิวเตอร์,-
322,จอคอมพิวเตอร์ ยี่ห้อ Asus รุ่น C2221HE,7440-006-12592,110000 004042 0,26-พ.ค.-66,1,ใช้ได้,โต๊ะฤทธิชัย,จอคอมพิวเตอร์,-
323,จอคอมพิวเตอร์ ยี่ห้อ Asus รุ่น C2221HE,7440-006-12593,110000 004043 0,26-พ.ค.-66,1,ใช้ได้,โต๊ะมูฮัมหมัดนิสสัน,จอคอมพิวเตอร์,-
324,จอคอมพิวเตอร์ ยี่ห้อ Asus รุ่น C2221HE,7440-006-12594,110000 004044 0,26-พ.ค.-66,1,ใช้ได้,โต๊ะมรกต,จอคอมพิวเตอร์,-
325,จอคอมพิวเตอร์ ยี่ห้อ Asus รุ่น C2221HE,7440-006-12595,110000 004045 0,26-พ.ค.-66,1,ใช้ได้,ว่าง,จอคอมพิวเตอร์,-
326,จอคอมพิวเตอร์ ยี่ห้อ Asus รุ่น C2221HE,7440-006-12596,110000 004046 0,26-พ.ค.-66,1,ใช้ได้,ว่าง,จอคอมพิวเตอร์,-
327,จอคอมพิวเตอร์ ยี่ห้อ Asus รุ่น C2221HE,7440-006-12597,110000 004047 0,26-พ.ค.-66,1,ใช้ได้,ว่าง,จอคอมพิวเตอร์,-
328,จอคอมพิวเตอร์ ยี่ห้อ Asus รุ่น C2221HE,7440-006-12598,110000 004048 0,26-พ.ค.-66,1,ใช้ได้,โต๊ะสิรินาถ,จอคอมพิวเตอร์,-
329,จอคอมพิวเตอร์ ยี่ห้อ Asus รุ่น C2221HE,7440-006-12599,110000 004049 0,26-พ.ค.-66,1,ใช้ได้,โต๊ะรัญชิดา,จอคอมพิวเตอร์,-
330,จอคอมพิวเตอร์ ยี่ห้อ Asus รุ่น C2221HE,7440-006-12600,110000 004050 0,26-พ.ค.-66,1,ใช้ได้,โต๊ะนิรดา,จอคอมพิวเตอร์,-
331,จอคอมพิวเตอร์ ยี่ห้อ Asus รุ่น C2221HE,7440-006-12601,110000 004051 0,26-พ.ค.-66,1,ใช้ได้,โต๊ะกอบชัย,จอคอมพิวเตอร์,-
332,จอคอมพิวเตอร์ ยี่ห้อ Asus รุ่น C2221HE,7440-006-12602,110000 004052 0,26-พ.ค.-66,1,ใช้ได้,โต๊ะปุณยวีร์,จอคอมพิวเตอร์,-
333,จอคอมพิวเตอร์ ยี่ห้อ Asus รุ่น C2221HE,7440-006-12603,110000 004053 0,26-พ.ค.-66,1,ใช้ได้,โต๊ะณัฐวุฒิ สุวานิช,จอคอมพิวเตอร์,-
334,จอคอมพิวเตอร์ ยี่ห้อ Asus รุ่น C2221HE,7440-006-12604,110000 004054 0,26-พ.ค.-66,1,ใช้ได้,โต๊ะว่าง,จอคอมพิวเตอร์,-
335,จอคอมพิวเตอร์ ยี่ห้อ Asus รุ่น C2221HE,7440-006-12605,110000 004055 0,26-พ.ค.-66,1,ใช้ได้,โต๊ะว่าง,จอคอมพิวเตอร์,-
336,จอคอมพิวเตอร์ ยี่ห้อ Asus รุ่น C2221HE,7440-006-12606,110000 004056 0,26-พ.ค.-66,1,ใช้ได้,โต๊ะเจนพิธีกร,จอคอมพิวเตอร์,-
337,จอคอมพิวเตอร์ ยี่ห้อ Asus รุ่น C2221HE,7440-006-12607,110000 004057 0,26-พ.ค.-66,1,ใช้ได้,โต๊ะกนกนุช,จอคอมพิวเตอร์,-
338,จอคอมพิวเตอร์ ยี่ห้อ Asus รุ่น C2221HE,7440-006-12608,110000 004058 0,26-พ.ค.-66,1,ใช้ได้,โต๊ะจิตรานุช,จอคอมพิวเตอร์,-
339,จอคอมพิวเตอร์ ยี่ห้อ Asus รุ่น C2221HE,7440-006-12609,110000 004059 0,26-พ.ค.-66,1,ใช้ได้,โต๊ะภาคภูมิ,จอคอมพิวเตอร์,-
340,อุปกรณ์กระจายสัญญาณ (L2 Switch) ขนาด 24 ช่อง,7440-017-5-1067,-,27-ก.พ.-66,1,ใช้ได้,ห้องปฏิบัติการ 3,อุปกรณ์กระจายสัญญาณ,ห้องปฏิบัติการ 3
341,อุปกรณ์กระจายสัญญาณ (L2 Switch) ขนาด 24 ช่อง,7440-017-5-1068,-,27-ก.พ.-66,1,ใช้ได้,ห้องปฏิบัติการ 3,อุปกรณ์กระจายสัญญาณ,ห้องปฏิบัติการ 3
342,อุปกรณ์กระจายสัญญาณ (L2 Switch) ขนาด 24 ช่อง,7440-017-5-1069,-,27-ก.พ.-66,1,ใช้ได้,ห้องปฏิบัติการ 2,อุปกรณ์กระจายสัญญาณ,ห้องปฏิบัติการ 2
343,อุปกรณ์กระจายสัญญาณ (L2 Switch) ขนาด 24 ช่อง,7440-017-5-1070,-,27-ก.พ.-66,1,ใช้ได้,ห้องปฏิบัติการ 2,อุปกรณ์กระจายสัญญาณ,ห้องปฏิบัติการ 2
344,อุปกรณ์กระจายสัญญาณ (L2 Switch) ขนาด 24 ช่อง,7440-017-5-1071,-,27-ก.พ.-66,1,ใช้ได้,ห้องเก็บครุภัณฑ์คอมพิวเตอร์,อุปกรณ์กระจายสัญญาณ,-
345,คอมพิวเตอร์ ยี่ห้อ Acer  รุ่น  Veriton  M275 ,7440-013-6799/2554,-,05-พ.ย.-53,1,ชำรุด,ห้องปฏิบัติการ ๒ (โต๊ะลูกคลื่น) จัดซื้อทดแทน ปีงบประมาณ พ.ศ.2565,คอมพิวเตอร์,ห้องปฏิบัติการ 2
346,คอมพิวเตอร์ ยี่ห้อ Acer  รุ่น  Veriton  M275 ,7440-013-6800/2554,-,05-พ.ย.-53,1,ชำรุด,ห้องจัดเก็บครุภัณฑ์คอมพิวเตอร์ จัดซื้อทดแทน ปีงบประมาณ พ.ศ.2565,คอมพิวเตอร์,ห้องจัดเก็บครุภัณฑ์คอมพิวเตอร์
347,คอมพิวเตอร์ ยี่ห้อ Acer  รุ่น  Veriton  M275 ,7440-013-6801/2554,-,05-พ.ย.-53,1,ชำรุด,ห้องจัดเก็บครุภัณฑ์คอมพิวเตอร์ จัดซื้อทดแทน ปีงบประมาณ พ.ศ.2565,คอมพิวเตอร์,ห้องจัดเก็บครุภัณฑ์คอมพิวเตอร์
348,คอมพิวเตอร์ ยี่ห้อ Acer  รุ่น  Veriton  M275 ,7440-013-6802/2554,-,05-พ.ย.-53,1,ชำรุด,ห้องจัดเก็บครุภัณฑ์คอมพิวเตอร์ จัดซื้อทดแทน ปีงบประมาณ พ.ศ.2565,คอมพิวเตอร์,ห้องจัดเก็บครุภัณฑ์คอมพิวเตอร์
349,คอมพิวเตอร์ ยี่ห้อ Acer  รุ่น  Veriton  M275 ,7440-013-6803/2554,-,05-พ.ย.-53,1,ชำรุด,ห้องปฏิบัติการ ๒ (โต๊ะมายด์) จัดซื้อทดแทน ปีงบประมาณ พ.ศ.2565,คอมพิวเตอร์,ห้องปฏิบัติการ 2
350,คอมพิวเตอร์ ยี่ห้อ Acer  รุ่น  Veriton  M275 ,7440-013-6804/2554,-,05-พ.ย.-53,1,ชำรุด,ห้องประชุม จัดซื้อทดแทน ปีงบประมาณ พ.ศ.2565,คอมพิวเตอร์,ห้องประชุม
351,คอมพิวเตอร์ ยี่ห้อ Acer  รุ่น  Veriton  M275 ,7440-013-6805/2554,-,05-พ.ย.-53,1,ชำรุด,ห้องปฏิบัติการ ๒ (โต๊ะแอร์) จัดซื้อทดแทน ปีงบประมาณ พ.ศ.2565,คอมพิวเตอร์,ห้องปฏิบัติการ 2
352,คอมพิวเตอร์ ยี่ห้อ Acer  รุ่น  Veriton  M275 ,7440-013-6806/2554,-,05-พ.ย.-53,1,ชำรุด,ห้องปฏิบัติการ ๒ (โต๊ะรัตน์) จัดซื้อทดแทน ปีงบประมาณ พ.ศ.2565,คอมพิวเตอร์,ห้องปฏิบัติการ 2
353,คอมพิวเตอร์ ยี่ห้อ Acer  รุ่น  Veriton  M275 ,7440-013-6807/2554,-,05-พ.ย.-53,1,ชำรุด,โต๊ะหน่อย จัดซื้อทดแทน ปีงบประมาณ พ.ศ.2565,คอมพิวเตอร์,-
354,คอมพิวเตอร์ ยี่ห้อ Acer  รุ่น  Veriton  M275 ,7440-013-6808/2554,-,05-พ.ย.-53,1,ชำรุด,ห้องจัดเก็บครุภัณฑ์คอมพิวเตอร์ จัดซื้อทดแทน ปีงบประมาณ พ.ศ.2565,คอมพิวเตอร์,ห้องจัดเก็บครุภัณฑ์คอมพิวเตอร์
355,คอมพิวเตอร์ ยี่ห้อ Acer  รุ่น  Veriton  M275 ,7440-013-6809/2554,-,05-ก.พ.-59,1,ใช้ได้,โต๊ะสายัณห์,คอมพิวเตอร์,-
356,คอมพิวเตอร์ ยี่ห้อ Acer  รุ่น  Veriton  M275 ,7440-013-6810/2554,-,05-พ.ย.-53,1,ชำรุด,ห้องปฏิบัติการ 1 (โต๊ะเลิฟ) จัดซื้อทดแทน ปีงบประมาณ พ.ศ.2565,คอมพิวเตอร์,ห้องปฏิบัติการ 1
357,คอมพิวเตอร์ ยี่ห้อ Acer  รุ่น  Veriton  M275 ,7440-013-6812/2554,-,05-พ.ย.-53,1,ชำรุด,ห้องจัดเก็บครุภัณฑ์คอมพิวเตอร์ จัดซื้อทดแทน ปีงบประมาณ พ.ศ.2565,คอมพิวเตอร์,ห้องจัดเก็บครุภัณฑ์คอมพิวเตอร์
358,คอมพิวเตอร์ ยี่ห้อ Acer  รุ่น  Veriton  M275 ,7440-013-6813/2554,-,05-พ.ย.-53,1,ชำรุด,ห้องเก็บของมารีย๊ะ จัดซื้อทดแทน ปีงบประมาณ พ.ศ.2565,คอมพิวเตอร์,-
359,คอมพิวเตอร์ ยี่ห้อ Acer  รุ่น  Veriton  M275 ,7440-013-6814/2554,-,05-พ.ย.-53,1,ชำรุด,โต๊ะอุ๊ จัดซื้อทดแทน ปีงบประมาณ พ.ศ.2565,คอมพิวเตอร์,-
360,คอมพิวเตอร์ ยี่ห้อ Acer  รุ่น  Veriton  M275 ,7440-013-6815/2554,-,05-พ.ย.-53,1,ชำรุด,ห้องจัดเก็บครุภัณฑ์คอมพิวเตอร์ จัดซื้อทดแทน ปีงบประมาณ พ.ศ.2565,คอมพิวเตอร์,ห้องจัดเก็บครุภัณฑ์คอมพิวเตอร์
361,คอมพิวเตอร์ ยี่ห้อ Acer  รุ่น  Veriton  M275 ,7440-013-6816/2554,-,05-พ.ย.-53,1,ชำรุด,โต๊ะแท๊บ จัดซื้อทดแทน ปีงบประมาณ พ.ศ.2565,คอมพิวเตอร์,-
362,คอมพิวเตอร์ ยี่ห้อ Acer  รุ่น  Veriton  M275 ,7440-013-6817/2554,-,05-พ.ย.-53,1,ชำรุด,โต๊ะเบล จัดซื้อทดแทน ปีงบประมาณ พ.ศ.2565,คอมพิวเตอร์,-
363,คอมพิวเตอร์ ยี่ห้อ Acer  รุ่น  Veriton  M275 ,7440-013-6818/2554,-,05-ก.พ.-59,1,ใช้ได้,ให้หน้าห้องท่านณรงค์ ๒๒ มิ.ย.๖๖,คอมพิวเตอร์,-
364,คอมพิวเตอร์ ยี่ห้อ Acer  รุ่น  Veriton  M275 ,7440-020-0002.9,-,15-ส.ค.-57,1,ใช้ได้,ห้องปฏิบัติการ 2 (โต๊ะปราย),คอมพิวเตอร์,ห้องปฏิบัติการ 2
365,คอมพิวเตอร์ ยี่ห้อ Acer  รุ่น  Veriton  M275 ,7440-020-0002.14,-,15-ส.ค.-57,1,ใช้ได้,ห้องปฏิบัติการ ๒ (โต๊ะตึก),คอมพิวเตอร์,ห้องปฏิบัติการ 2
366,คอมพิวเตอร์ ยี่ห้อ Acer  รุ่น  Veriton  M275 ,7440-020-0002.44,-,15-ส.ค.-57,1,ใช้ได้,ห้องปฏิบัติการ ๒ (โต๊ะรัตน์),คอมพิวเตอร์,ห้องปฏิบัติการ 2
367,คอมพิวเตอร์ ยี่ห้อ Acer  รุ่น  Veriton  M275 ,7440-020-0002.46,-,15-ส.ค.-57,1,ใช้ได้,ห้องปฏิบัติการ ๒ (โต๊ะหญิง),คอมพิวเตอร์,ห้องปฏิบัติการ 2
368,คอมพิวเตอร์ ยี่ห้อ Acer  รุ่น  Veriton  M275 ,7440-020-0002.6,-,15-ส.ค.-57,1,ใช้ได้,ห้องจัดเก็บครุภัณฑ์คอมพิวเตอร์,คอมพิวเตอร์,ห้องจัดเก็บครุภัณฑ์คอมพิวเตอร์
369,คอมพิวเตอร์ ยี่ห้อ Acer  รุ่น  Veriton  M275 ,7440-020-0002.5,-,15-ส.ค.-57,1,ใช้ได้,ห้องปฏิบัติการ ๒ (โต๊ะชมพู่),คอมพิวเตอร์,ห้องปฏิบัติการ 2
370,คอมพิวเตอร์ ยี่ห้อ Acer  รุ่น  Veriton  M275 ,7440-020-0002.12,-,15-ส.ค.-57,1,ใช้ได้,ห้องปฏิบัติการ ๒ (โต๊ะน้อย),คอมพิวเตอร์,ห้องปฏิบัติการ 2
371,คอมพิวเตอร์ ยี่ห้อ Acer  รุ่น  Veriton  M275 ,7440-020-0002.11,-,15-ส.ค.-57,1,ใช้ได้,ห้องปฏิบัติการ ๒ (โต๊ะมาย),คอมพิวเตอร์,ห้องปฏิบัติการ 2
372,คอมพิวเตอร์ ยี่ห้อ Acer  รุ่น  Veriton  M275 ,7440-020-0002.83,-,15-ส.ค.-57,1,ใช้ได้,ห้องจัดเก็บครุภัณฑ์คอมพิวเตอร์ (ใต้โต๊ะ),คอมพิวเตอร์,ห้องจัดเก็บครุภัณฑ์คอมพิวเตอร์
373,คอมพิวเตอร์ ยี่ห้อ Acer  รุ่น  Veriton  M276,7440-020-0002.15,-,15-ส.ค.-57,1,ใช้ได้,ห้องปฏิบัติการ ๒ (โต๊ะสุวรรณ),คอมพิวเตอร์,ห้องปฏิบัติการ 2
374,คอมพิวเตอร์ ยี่ห้อ Acer  รุ่น  Veriton  M275 ,7440-020-0001.9,-,05-ก.พ.-59,1,ใช้ได้,ห้องปฏิบัติการ 3 (โต๊ะศรัณย์),คอมพิวเตอร์,ห้องปฏิบัติการ 3
375,คอมพิวเตอร์ ยี่ห้อ Acer  รุ่น  Veriton  M275 ,7440-020-0001.10,-,05-ก.พ.-59,1,ใช้ได้,โต๊ะพี่ประนอม,คอมพิวเตอร์,-
376,คอมพิวเตอร์ ยี่ห้อ Acer  รุ่น  Veriton  M275 ,7440-020-0001.11,-,05-ก.พ.-59,1,ใช้ได้,ห้องปฏิบัติการ ๒ (โต๊ะโสมวรรณ),คอมพิวเตอร์,ห้องปฏิบัติการ 2
377,คอมพิวเตอร์ ยี่ห้อ Acer  รุ่น  Veriton  M275 ,7440-020-0001.48,-,05-ก.พ.-59,1,ใช้ได้,ห้องจัดเก็บครุภัณฑ์คอมพิวเตอร์ (ใต้โต๊ะ),คอมพิวเตอร์,ห้องจัดเก็บครุภัณฑ์คอมพิวเตอร์
378,คอมพิวเตอร์ ยี่ห้อ Acer  รุ่น  Veriton  M275 ,7440-020-0001.41,-,05-ก.พ.-59,1,ใช้ได้,ห้องปฏิบัติการ ๒ (โต๊ะแอ๊ว),คอมพิวเตอร์,ห้องปฏิบัติการ 2
379,คอมพิวเตอร์ ยี่ห้อ Acer  รุ่น  Veriton  M275 ,7440-020-0001.42,-,05-ก.พ.-59,1,ใช้ได้,ห้องปฏิบัติการ ๒ (โต๊ะสาว),คอมพิวเตอร์,ห้องปฏิบัติการ 2
380,คอมพิวเตอร์ ยี่ห้อ Acer  รุ่น  Veriton  M275 ,7440-013-6817/2556,-,05-ก.พ.-59,1,ใช้ได้,ห้องปฏิบัติการ ๒ (โต๊ะบิว),คอมพิวเตอร์,ห้องปฏิบัติการ 2
381,คอมพิวเตอร์ ยี่ห้อ Acer  รุ่น  Veriton  M275 ,7440-020-0001.66,-,05-ก.พ.-59,1,ใช้ได้,ห้องปฏิบัติการ ๒ (โต๊ะพิมพ์ชนก),คอมพิวเตอร์,ห้องปฏิบัติการ 2
382,คอมพิวเตอร์ ยี่ห้อ Acer  รุ่น  Veriton  M275 ,ไม่มีหมายเลข,-,-,1,ใช้ได้,ห้องจัดเก็บครุภัณฑ์คอมพิวเตอร์ ,คอมพิวเตอร์,ห้องจัดเก็บครุภัณฑ์คอมพิวเตอร์
383,คอมพิวเตอร์ ยี่ห้อ Dell,ไม่มีหมายเลข,-,-,1,ใช้ได้,ห้องจัดเก็บครุภัณฑ์คอมพิวเตอร์ ,คอมพิวเตอร์,ห้องจัดเก็บครุภัณฑ์คอมพิวเตอร์
384,คอมพิวเตอร์ ยี่ห้อ DELL Presision 380,7440-115-0013.1/2550,-,15-ธ.ค.-49,1,ชำรุด,ห้องจัดเก็บครุภัณฑ์คอมพิวเตอร์ (ตู้บานเลื่อน) จัดซื้อทดแทน ปีงบประมาณ พ.ศ.2565,คอมพิวเตอร์,ห้องจัดเก็บครุภัณฑ์คอมพิวเตอร์
385,คอมพิวเตอร์ ยี่ห้อ Dell รุ่น OPTIPLEX 390,7440-020-0007.376,-,23-เม.ย.-56,1,ใช้ได้,กทผ.7 ขอยืม 22 พ.ย. 66,คอมพิวเตอร์,-
386,คอมพิวเตอร์ ยี่ห้อ Dell รุ่น OPTIPLEX 390,7440-020-0007.359,-,23-เม.ย.-56,1,ใช้ได้,กทผ.7 ขอยืม 22 พ.ย. 66,คอมพิวเตอร์,-
387,คอมพิวเตอร์ ยี่ห้อ Dell รุ่น OPTIPLEX 390,7440-020-0007.375,-,23-เม.ย.-56,1,ใช้ได้,ห้องมารีย๊ะ,คอมพิวเตอร์,-
388,คอมพิวเตอร์ ยี่ห้อ Dell รุ่น OPTIPLEX 390,7440-020-0007.364,-,23-เม.ย.-56,1,ใช้ได้,ห้องจัดเก็บครุภัณฑ์คอมพิวเตอร์ (ใต้โต๊ะ),คอมพิวเตอร์,ห้องจัดเก็บครุภัณฑ์คอมพิวเตอร์
389,คอมพิวเตอร์ ยี่ห้อ Dell รุ่น OPTIPLEX 390,7440-020-0007.361,-,23-เม.ย.-56,1,ใช้ได้,กทผ.7 ขอยืม 22 พ.ย. 66,คอมพิวเตอร์,-
390,คอมพิวเตอร์ ยี่ห้อ Dell รุ่น OPTIPLEX 390,7440-020-0007.362,-,23-เม.ย.-56,1,ใช้ได้,กทผ.7 ขอยืม 22 พ.ย. 66,คอมพิวเตอร์,-
391,คอมพิวเตอร์ ยี่ห้อ Dell รุ่น OPTIPLEX 390,7440-020-0007.371,-,23-เม.ย.-56,1,ใช้ได้,ห้องจัดเก็บครุภัณฑ์คอมพิวเตอร์ (ใต้โต๊ะ),คอมพิวเตอร์,ห้องจัดเก็บครุภัณฑ์คอมพิวเตอร์
392,คอมพิวเตอร์ ยี่ห้อ Dell รุ่น OPTIPLEX 390,7440-020-0007.363,-,23-เม.ย.-56,1,ใช้ได้,ห้องปฏิบัติการ ๒ (โต๊ะพี่เป้),คอมพิวเตอร์,ห้องปฏิบัติการ 2
393,คอมพิวเตอร์ ยี่ห้อ Dell รุ่น OPTIPLEX 390,7440-020-0007.366,-,23-เม.ย.-56,1,ใช้ได้,ห้องจัดเก็บครุภัณฑ์คอมพิวเตอร์,คอมพิวเตอร์,ห้องจัดเก็บครุภัณฑ์คอมพิวเตอร์
394,คอมพิวเตอร์ ยี่ห้อ Dell รุ่น OPTIPLEX 390,7440-020-0007.365,-,23-เม.ย.-56,1,ใช้ได้,กทผ.7 ขอยืม 22 พ.ย. 66,คอมพิวเตอร์,-
395,คอมพิวเตอร์ ยี่ห้อ Dell รุ่น OPTIPLEX 390,7440-020-0007.373,-,23-เม.ย.-56,1,ใช้ได้,กทผ.7 ขอยืม 22 พ.ย. 66,คอมพิวเตอร์,-
396,คอมพิวเตอร์ ยี่ห้อ Dell รุ่น OPTIPLEX 390,7440-020-0007.367,-,23-เม.ย.-56,1,ใช้ได้,ห้องปฏิบัติการ ๒ (โต๊ะมะยม),คอมพิวเตอร์,ห้องปฏิบัติการ 2
397,คอมพิวเตอร์ ยี่ห้อ Dell รุ่น OPTIPLEX 390,7440-020-0007.360,-,23-เม.ย.-56,1,ใช้ได้,กทผ.7 ขอยืม 22 พ.ย. 66,คอมพิวเตอร์,-
398,คอมพิวเตอร์ ยี่ห้อ Dell รุ่น OPTIPLEX 390,7440-020-0007.372,-,23-เม.ย.-56,1,ใช้ได้,ห้องจัดเก็บครุภัณฑ์คอมพิวเตอร์ (ใต้โต๊ะ),คอมพิวเตอร์,ห้องจัดเก็บครุภัณฑ์คอมพิวเตอร์
399,คอมพิวเตอร์ ยี่ห้อ Dell รุ่น OPTIPLEX 390,7440-020-0007.368,-,23-เม.ย.-56,1,ใช้ได้,ห้องปฏิบัติการ ๒ (โต๊ะรัตน์),คอมพิวเตอร์,ห้องปฏิบัติการ 2
400,คอมพิวเตอร์ ยี่ห้อ Dell รุ่น OPTIPLEX 390,7440-020-0007.358,-,23-เม.ย.-56,1,ใช้ได้,กทผ.7 ขอยืม 22 พ.ย. 66,คอมพิวเตอร์,-
401,คอมพิวเตอร์ ยี่ห้อ Dell รุ่น OPTIPLEX 390,7440-020-0007.369,-,23-เม.ย.-56,1,ใช้ได้,กทผ.7 ขอยืม 22 พ.ย. 66,คอมพิวเตอร์,-
402,คอมพิวเตอร์ ยี่ห้อ Dell รุ่น OPTIPLEX 390,7440-020-0007.374,-,23-เม.ย.-56,1,ใช้ได้,ห้องปฏิบัติการ ๒ (โต๊ะบิ๊ก),คอมพิวเตอร์,ห้องปฏิบัติการ 2
403,คอมพิวเตอร์ ยี่ห้อ Dell รุ่น OPTIPLEX 390,7440-020-0007.370,-,23-เม.ย.-56,1,ชำรุด,ห้องจัดเก็บครุภัณฑ์คอมพิวเตอร์ (ใต้โต๊ะ) จัดซื้อทดแทน ปีงบประมาณ พ.ศ.2565,คอมพิวเตอร์,ห้องจัดเก็บครุภัณฑ์คอมพิวเตอร์
404,คอมพิวเตอร์ ยี่ห้อ Dell รุ่น OPTIPLEX 390,7440-020-0007.377,-,23-เม.ย.-56,1,ชำรุด,กทผ.7 ขอยืม 22 พ.ย. 66,คอมพิวเตอร์,-
405,คอมพิวเตอร์ ยี่ห้อ Dell รุ่น Vostro,ไม่มีหมายเลข,-,-,1,ใช้ได้,ห้องปฏิบัติการ 1 (โต๊ะแอฟ),คอมพิวเตอร์,ห้องปฏิบัติการ 1
406,คอมพิวเตอร์ ยี่ห้อ JV com 4,ไม่มีหมายเลข,-,-,1,ใช้ได้,ห้องปฏิบัติการ ๒ (โต๊ะฝ้าย),คอมพิวเตอร์,ห้องปฏิบัติการ 2
407,คอมพิวเตอร์ ยี่ห้อ JV com 5,ไม่มีหมายเลข,-,-,1,ใช้ได้,ห้องปฏิบัติการ ๒ (โต๊ะพรวิมล),คอมพิวเตอร์,ห้องปฏิบัติการ 2
408,คอมพิวเตอร์ ยี่ห้อ Lenovo รุ่น ThinkCentre M700,7440-013-2-4098,-,-,1,ใช้ได้,ห้องปฏิบัติการ ๒ (โต๊ะจอม),คอมพิวเตอร์,ห้องปฏิบัติการ 2
409,คอมพิวเตอร์ ยี่ห้อ Lenovo รุ่น ThinkCentre M700,7440-013-2-4099,-,-,1,ใช้ได้,ห้องปฏิบัติการ ๒ (โต๊ะฟลุ้ค),คอมพิวเตอร์,ห้องปฏิบัติการ 2
410,คอมพิวเตอร์ ยี่ห้อ Lenovo รุ่น ThinkCentre M700,7440-013-2-4100,-,-,1,ใช้ได้,ห้องปฏิบัติการ ๒ (โต๊ะรัตน์),คอมพิวเตอร์,ห้องปฏิบัติการ 2
411,คอมพิวเตอร์ ยี่ห้อ MISSION รุ่น OPTIMA SRIES,7440-013-3083/2543,-,21-ก.ค.-49,1,ใช้ได้,ห้องจัดเก็บครุภัณฑ์คอมพิวเตอร์ (ตู้บานเลื่อน),คอมพิวเตอร์,ห้องจัดเก็บครุภัณฑ์คอมพิวเตอร์
412,จอคอมพิวเตอร์ ยี่ห้อ Mission,7400-013-3087,-,,1,ชำรุด,ห้องเก็บของ,คอมพิวเตอร์,ห้องเก็บของ
413,จอคอมพิวเตอร์ ยี่ห้อ Acer,7400-013-3062,-,,1,ชำรุด,โต๊ะเพ็ญ,จอคอมพิวเตอร์,-
414,จอคอมพิวเตอร์ ยี่ห้อ Mission,7440-017-0201,-,ธ.ค.-39,1,ชำรุด,ห้องเก็บของ ส่งคืนพัสดุชำรุด,จอคอมพิวเตอร์,ห้องเก็บของ
415,จอคอมพิวเตอร์ ยี่ห้อ Mission,7440-017-0202,-,ธ.ค.-39,1,ชำรุด,ห้องเก็บของ,จอคอมพิวเตอร์,ห้องเก็บของ
416,จอคอมพิวเตอร์ ยี่ห้อ Acer,7400-013-3072,-,02-ต.ค.-49,1,ชำรุด,ห้องเก็บของ,จอคอมพิวเตอร์,ห้องเก็บของ
417,จอคอมพิวเตอร์ ยี่ห้อ Acer,7440-013-6799.1/2554,-,,1,ชำรุด,ห้องเก็บของ,จอคอมพิวเตอร์,ห้องเก็บของ
418,จอคอมพิวเตอร์ ยี่ห้อ Mission,7400-013-3072,-,02-ต.ค.-49,1,ชำรุด,ห้องเก็บของ ส่งคืนพัสดุชำรุด,จอคอมพิวเตอร์,ห้องเก็บของ
419,จอคอมพิวเตอร์ ยี่ห้อ Mission,7400-013-3079,-,02-ต.ค.-49,1,ชำรุด,ห้องเก็บของ ส่งคืนพัสดุชำรุด,จอคอมพิวเตอร์,ห้องเก็บของ
420,จอคอมพิวเตอร์ ยี่ห้อ Mission,7400-013-3088,-,02-ต.ค.-49,1,ชำรุด,โต๊ะสายัณห์,จอคอมพิวเตอร์,-
421,จอคอมพิวเตอร์ ยี่ห้อ Mission,7400-013-3092,-,02-ต.ค.-49,1,ชำรุด,ห้องเก็บของ ส่งคืนพัสดุชำรุด,จอคอมพิวเตอร์,ห้องเก็บของ
422,จอคอมพิวเตอร์ ยี่ห้อ SVOA,6675-027-1509.2,-,26-ต.ค.-49,1,ชำรุด,ห้องเก็บของ ส่งคืนพัสดุชำรุด,จอคอมพิวเตอร์,ห้องเก็บของ
423,จอคอมพิวเตอร์ ยี่ห้อ Mission,6675-027-1518.2,-,18-ธ.ค.-50,1,ชำรุด,ห้องเก็บของ ส่งคืนพัสดุชำรุด,จอคอมพิวเตอร์,ห้องเก็บของ
424,จอคอมพิวเตอร์ ยี่ห้อ Mpp,7440-013-4497.1/2551,-,,1,ชำรุด,ห้องเก็บของ ส่งคืนพัสดุชำรุด,จอคอมพิวเตอร์,ห้องเก็บของ
425,จอคอมพิวเตอร์ Acer,7440-013-6806.1/2554,-,05-พ.ย.-53,1,ชำรุด,ห้องเก็บของ ส่งคืนพัสดุชำรุด,จอคอมพิวเตอร์,ห้องเก็บของ
426,จอคอมพิวเตอร์ Acer,7440-013-6818.1/2554,-,05-พ.ย.-53,1,ใช้ได้,ห้องปฏิบัติการ ๒ (โต๊ะปาริชาติ),จอคอมพิวเตอร์,ห้องปฏิบัติการ 2
427,จอคอมพิวเตอร์ Acer ,7440-013-6804.1/2554,-,05-พ.ย.-53,1,ชำรุด,ห้องเก็บของ ส่งคืนพัสดุชำรุด,จอคอมพิวเตอร์,ห้องเก็บของ
428,จอคอมพิวเตอร์ Acer  รุ่น  V193HOL,7440-013-6799.1/2554,-,05-พ.ย.-53,1,ชำรุด,ห้องเก็บของ ส่งคืนพัสดุชำรุด,จอคอมพิวเตอร์,ห้องเก็บของ
429,จอคอมพิวเตอร์ Acer  รุ่น  V193HOL,7440-020-0001.62.1,-,05-พ.ย.-53,1,ใช้ได้,ให้หน้าห้องท่านณรงค์ ๒๒ มิ.ย.๖๖,จอคอมพิวเตอร์,-
430,จอคอมพิวเตอร์ Acer  รุ่น  V193HOL,7440-020-0004.32.1,-,05-พ.ย.-53,1,ใช้ได้,ห้องปฏิบัติการ ๓ ว่าง,จอคอมพิวเตอร์,ห้องปฏิบัติการ 3
431,จอคอมพิวเตอร์ Acer  รุ่น  V193W  ,7440-013-6797.1/2554,-,05-พ.ย.-53,1,ใช้ได้,ห้องปฏิบัติการ ๓ ว่าง,จอคอมพิวเตอร์,ห้องปฏิบัติการ 3
432,จอคอมพิวเตอร์ Acer  รุ่น  V193W  ,7440-013-6800.1/2554,-,05-พ.ย.-53,1,ใช้ได้,ห้องปฏิบัติการ 1 (โต๊ะใหม่),จอคอมพิวเตอร์,ห้องปฏิบัติการ 1
433,จอคอมพิวเตอร์ Acer  รุ่น  V193W  ,7440-013-6801.1/2554,-,05-พ.ย.-53,1,ใช้ได้,ห้องปฏิบัติการ 3 (โต๊ะปูน),จอคอมพิวเตอร์,ห้องปฏิบัติการ 3
434,จอคอมพิวเตอร์ Acer  รุ่น  V193W  ,7440-013-6802.1/2554,-,05-พ.ย.-53,1,ใช้ได้,ห้องปฏิบัติการ ๒ (โต๊ะมายด์),จอคอมพิวเตอร์,ห้องปฏิบัติการ 2
435,จอคอมพิวเตอร์ Acer  รุ่น  V193W  ,7440-013-6803.1/2554,-,05-พ.ย.-53,1,ใช้ได้,ห้องปฏิบัติการ ๒ (โต๊ะนิว),จอคอมพิวเตอร์,ห้องปฏิบัติการ 2
436,จอคอมพิวเตอร์ Acer  รุ่น  V193W  ,7440-013-6807.1/2554,-,05-พ.ย.-53,1,ใช้ได้,กทผ. 5.4 (โต๊ะประนอม),จอคอมพิวเตอร์,-
437,จอคอมพิวเตอร์ Acer  รุ่น  V193W  ,7440-013-6808.1/2554,-,05-พ.ย.-53,1,ชำรุด,ห้องเก็บของ ส่งคืนพัสดุชำรุด,จอคอมพิวเตอร์,ห้องเก็บของ
438,จอคอมพิวเตอร์ Acer  รุ่น  V193W  ,7440-013-6809.1/2554,-,05-พ.ย.-53,1,ใช้ได้,ห้องปฏิบัติการ ๒ (โต๊ะว่าง),จอคอมพิวเตอร์,ห้องปฏิบัติการ 2
439,จอคอมพิวเตอร์ Acer  รุ่น  V193W  ,7440-013-6810.1/2554,-,05-พ.ย.-53,1,ใช้ได้,ห้องปฏิบัติการ ๒ (โต๊ะก้อย),จอคอมพิวเตอร์,ห้องปฏิบัติการ 2
440,จอคอมพิวเตอร์ Acer  รุ่น  V193W  ,7440-013-6811.1/2554,-,05-พ.ย.-53,1,ใช้ได้,ห้องปฏิบัติการ ๒ (โต๊ะสาว),จอคอมพิวเตอร์,ห้องปฏิบัติการ 2
441,จอคอมพิวเตอร์ Acer  รุ่น  V193W  ,7440-013-6812.1/2554,-,05-พ.ย.-53,1,ชำรุด,ห้องเก็บของ ส่งคืนพัสดุชำรุด,จอคอมพิวเตอร์,ห้องเก็บของ
442,จอคอมพิวเตอร์ Acer  รุ่น  V193W  ,7440-013-6813.1/2554,-,05-พ.ย.-53,1,ใช้ได้,ห้องปฏิบัติการ ๒ (โต๊ะสุวรรณ),จอคอมพิวเตอร์,ห้องปฏิบัติการ 2
443,จอคอมพิวเตอร์ Acer  รุ่น  V193W  ,7440-013-6814.1/2554,-,05-พ.ย.-53,1,ใช้ได้,ห้องปฏิบัติการ ๓ ว่าง,จอคอมพิวเตอร์,ห้องปฏิบัติการ 3
444,จอคอมพิวเตอร์ Acer  รุ่น  V193W  ,7440-013-6815.1/2554,-,05-พ.ย.-53,1,ชำรุด,ห้องเก็บของ ส่งคืนพัสดุชำรุด,จอคอมพิวเตอร์,ห้องเก็บของ
445,จอคอมพิวเตอร์ Acer  รุ่น  V193W  ,7440-013-6816.1/2554,-,05-พ.ย.-53,1,ใช้ได้,โต๊ะแท็บ,จอคอมพิวเตอร์,-
446,จอคอมพิวเตอร์ Acer  รุ่น  V193W  ,7440-013-6817.1/2554,-,05-พ.ย.-53,1,ใช้ได้,ห้องปฏิบัติการ ๒ (โต๊ะแน็ต),จอคอมพิวเตอร์,ห้องปฏิบัติการ 2
447,จอคอมพิวเตอร์ Acer  รุ่น  V193W  ,7440-020-0002.10.1,-,15-ส.ค.-57,1,ชำรุด,ห้องเก็บของ ส่งคืนพัสดุชำรุด,จอคอมพิวเตอร์,ห้องเก็บของ
448,อุปกรณ์กระจายสัญญาณ ยี่ห้อ Linksys รุ่น SR224,-,-,28-ส.ค.-65,1,ใช้ได้,หมายเลขเครื่อง REO 0051000700,จอคอมพิวเตอร์,-
449,จอคอมพิวเตอร์ Acer  รุ่น  V193W  ,7440-020-0002.11.1,-,15-ส.ค.-57,1,ใช้ได้,ห้องปฏิบัติการ ๒ (โต๊ะฝ้าย),จอคอมพิวเตอร์,ห้องปฏิบัติการ 2
450,จอคอมพิวเตอร์ Acer  รุ่น  V193W  ,7440-020-0002.8.1,-,15-ส.ค.-57,1,ใช้ได้,ห้องปฏิบัติการ ๒ (โต๊ะพี่เป้),จอคอมพิวเตอร์,ห้องปฏิบัติการ 2
451,จอคอมพิวเตอร์ Acer  รุ่น  V193W  ,7440-020-0002.9.1,-,15-ส.ค.-57,1,ใช้ได้,ห้องปฏิบัติการ ๒ (โต๊ะก้อย),จอคอมพิวเตอร์,ห้องปฏิบัติการ 2
452,จอคอมพิวเตอร์ Acer  รุ่น  V193W  ,7440-020-0002.7.1,-,15-ส.ค.-57,1,ใช้ได้,ห้องปฏิบัติการ ๒ (โต๊ะบิ๊ก),จอคอมพิวเตอร์,ห้องปฏิบัติการ 2
453,จอคอมพิวเตอร์ Acer  รุ่น  V193W  ,7440-020-0002.6.1,-,15-ส.ค.-57,1,ใช้ได้,ห้องปฏิบัติการ ๒ (โต๊ะชมพู่),จอคอมพิวเตอร์,ห้องปฏิบัติการ 2
454,จอคอมพิวเตอร์ Acer  รุ่น  V193W  ,7440-020-0002.16.1,-,15-ส.ค.-57,1,ใช้ได้,ห้องปฏิบัติการ ๒ (โต๊ะพี่เป้),จอคอมพิวเตอร์,ห้องปฏิบัติการ 2
455,จอคอมพิวเตอร์ Acer  รุ่น  V193W  ,7440-020-0002.17.1,-,15-ส.ค.-57,1,ใช้ได้,ห้องปฏิบัติการ ๒ (โต๊ะฟลุ้ค),จอคอมพิวเตอร์,ห้องปฏิบัติการ 2
456,จอคอมพิวเตอร์ Acer  รุ่น  V193W  ,7440-013-6817.1/2557,-,-,1,ใช้ได้,ห้องปฏิบัติการ 1 (โต๊ะธุรการ 5.2),จอคอมพิวเตอร์,ห้องปฏิบัติการ 1
457,จอคอมพิวเตอร์ Acer รุ่น Veriton M275,7440-013-6805.1/2554,-,05-ก.พ.-59,1,ใช้ได้,ห้องปฏิบัติการ 1 (โต๊ะใหม่),จอคอมพิวเตอร์,ห้องปฏิบัติการ 1
458,จอคอมพิวเตอร์ Acer รุ่น Veriton M275,7440-020-0002.14.1,-,05-ก.พ.-59,1,ใช้ได้,ห้องปฏิบัติการ 3 (โต๊ะณัฐวุฒิ สุวานิช),จอคอมพิวเตอร์,ห้องปฏิบัติการ 3
459,จอคอมพิวเตอร์ Acer รุ่น Veriton M275,7440-020-0001.11.1,-,05-ก.พ.-59,1,ใช้ได้,ห้องปฏิบัติการ ๒ (โต๊ะแบต),จอคอมพิวเตอร์,ห้องปฏิบัติการ 2
460,จอคอมพิวเตอร์ Acer รุ่น Veriton M275,7440-020-0001.12.1,-,05-ก.พ.-59,1,ใช้ได้,ห้องปฏิบัติการ ๒ (โต๊ะลูกคลื่น),จอคอมพิวเตอร์,ห้องปฏิบัติการ 2
461,จอคอมพิวเตอร์ Acer รุ่น Veriton M275,7440-020-0001.16.1,-,05-ก.พ.-59,1,ใช้ได้,ห้องปฏิบัติการ ๒ (โต๊ะพิมพ์ชนก),จอคอมพิวเตอร์,ห้องปฏิบัติการ 2
462,จอคอมพิวเตอร์ Acer รุ่น Veriton M275,7440-020-0001.40.1,-,05-ก.พ.-59,1,ใช้ได้,โต๊ะสุริยา,จอคอมพิวเตอร์,-
463,จอคอมพิวเตอร์ Acer รุ่น Veriton M275,7440-020-0001.41.1,-,05-ก.พ.-59,1,ใช้ได้,โต๊ะเอี้ยง,จอคอมพิวเตอร์,-
464,จอคอมพิวเตอร์ Acer รุ่น Veriton M275,7440-020-0001.42.1,-,05-ก.พ.-59,1,ใช้ได้,ห้องปฏิบัติการ 3 (โต๊ะพิทวัส),จอคอมพิวเตอร์,ห้องปฏิบัติการ 3
465,จอคอมพิวเตอร์ ATEC รุ่น PREMIER,7440-013-2990/2549,-,22-มี.ค.-49,1,ชำรุด,ห้องเก็บของ ส่งคืนพัสดุชำรุด,จอคอมพิวเตอร์,ห้องเก็บของ
466,จอคอมพิวเตอร์ ATEC รุ่น PREMIER,7440-013-2991/2549,-,22-มี.ค.-49,1,ชำรุด,ห้องเก็บของ ส่งคืนพัสดุชำรุด,จอคอมพิวเตอร์,ห้องเก็บของ
467,จอคอมพิวเตอร์ Dell,ไม่มีหมายเลข,-,-,1,ใช้ได้,ห้องปฏิบัติการ 1 (โต๊ะแอฟ),จอคอมพิวเตอร์,ห้องปฏิบัติการ 1
468,จอคอมพิวเตอร์ Dell,ไม่มีหมายเลข,-,-,1,ใช้ได้,ห้องปฏิบัติการ 1 (โต๊ะแอ๊ว),จอคอมพิวเตอร์,ห้องปฏิบัติการ 1
469,จอคอมพิวเตอร์ Dell รุ่น E1911,7440-020-0007.167,-,23-เม.ย.-56,1,ใช้ได้,ห้องปฏิบัติการ ๒ (โต๊ะว่าง),จอคอมพิวเตอร์,ห้องปฏิบัติการ 2
470,จอคอมพิวเตอร์ Dell รุ่น E1911,7440-020-0007.424,-,23-เม.ย.-56,1,ใช้ได้,ห้องปฏิบัติการ ๒ (โต๊ะนิว),จอคอมพิวเตอร์,ห้องปฏิบัติการ 2
471,จอคอมพิวเตอร์ Dell รุ่น E1911,7440-020-0007.49,-,23-เม.ย.-56,1,ใช้ได้,ห้องปฏิบัติการ ๒ (โต๊ะแอร์),จอคอมพิวเตอร์,ห้องปฏิบัติการ 2
472,จอคอมพิวเตอร์ Dell รุ่น E1911,7440-020-0007.51,-,23-เม.ย.-56,1,ใช้ได้,ห้องปฏิบัติการ ๒ (โต๊ะสิรินาถ),จอคอมพิวเตอร์,ห้องปฏิบัติการ 2
473,จอคอมพิวเตอร์ Dell รุ่น E1911,7440-020-0007.47,-,23-เม.ย.-56,1,ใช้ได้,ห้องปฏิบัติการ ๒ (โต๊ะฝ้าย),จอคอมพิวเตอร์,ห้องปฏิบัติการ 2
474,จอคอมพิวเตอร์ Dell รุ่น E1911,7440-020-0007.420,-,23-เม.ย.-56,1,ใช้ได้,ห้องปฏิบัติการ ๒ (โต๊ะเลิฟ),จอคอมพิวเตอร์,ห้องปฏิบัติการ 2
475,จอคอมพิวเตอร์ Dell รุ่น E1911,7440-020-0007.48,-,23-เม.ย.-56,1,ใช้ได้,โต๊ะสุริยา,จอคอมพิวเตอร์,-
476,จอคอมพิวเตอร์ Dell รุ่น E1911,7440-020-0007.419,-,23-เม.ย.-56,1,ใช้ได้,ห้องปฏิบัติการ 1 (โต๊ะแอน),จอคอมพิวเตอร์,ห้องปฏิบัติการ 1
477,จอคอมพิวเตอร์ Dell รุ่น E1911,7440-020-0007.166,-,23-เม.ย.-56,1,ใช้ได้,ห้องปฏิบัติการ 1 (โต๊ะเลิฟ),จอคอมพิวเตอร์,ห้องปฏิบัติการ 1
478,จอคอมพิวเตอร์ Dell รุ่น E1911,7440-020-0007.425,-,23-เม.ย.-56,1,ใช้ได้,ห้องปฏิบัติการ ๒ (โต๊ะสุวรรณ),จอคอมพิวเตอร์,ห้องปฏิบัติการ 2
479,จอคอมพิวเตอร์ Dell รุ่น E1911,7440-020-0007.418,-,23-เม.ย.-56,1,ใช้ได้,ห้องปฏิบัติการ ๒ (โต๊ะว่าง),จอคอมพิวเตอร์,ห้องปฏิบัติการ 2
480,จอคอมพิวเตอร์ Dell รุ่น E1911,7440-020-0007.41,-,23-เม.ย.-56,1,ใช้ได้,ห้องปฏิบัติการ ๒ (โต๊ะพิมพ์ชนก),จอคอมพิวเตอร์,ห้องปฏิบัติการ 2
481,จอคอมพิวเตอร์ Dell รุ่น E1911,7440-020-0007.421,-,23-เม.ย.-56,1,ใช้ได้,ห้องปฏิบัติการ 1 (โต๊ะว่าง),จอคอมพิวเตอร์,ห้องปฏิบัติการ 1
482,จอคอมพิวเตอร์ Dell รุ่น E1911,7440-020-0007.165,-,23-เม.ย.-56,1,ใช้ได้,ห้องปฏิบัติการ 1 (โต๊ะว่าง),จอคอมพิวเตอร์,ห้องปฏิบัติการ 1
483,จอคอมพิวเตอร์ Dell รุ่น E1911,7440-020-0007.422,-,23-เม.ย.-56,1,ใช้ได้,ห้องปฏิบัติการ 1 (โต๊ะแอฟ),จอคอมพิวเตอร์,ห้องปฏิบัติการ 1
484,จอคอมพิวเตอร์ Dell รุ่น E1911,7440-020-0007.423,-,23-เม.ย.-56,1,ใช้ได้,ห้องปฏิบัติการ 1 (โต๊ะแอนน้อย),จอคอมพิวเตอร์,ห้องปฏิบัติการ 1
485,จอคอมพิวเตอร์ Dell รุ่น E1911,7440-020-0007.36,-,23-เม.ย.-56,1,ใช้ได้,ห้องปฏิบัติการ ๒ (โต๊ะหนุ่ย),จอคอมพิวเตอร์,ห้องปฏิบัติการ 2
486,จอคอมพิวเตอร์ Dell รุ่น E1911,7440-020-0007.417,-,23-เม.ย.-56,1,ชำรุด,ห้องเก็บของ ส่งคืนพัสดุชำรุด,จอคอมพิวเตอร์,ห้องเก็บของ
487,จอคอมพิวเตอร์ Dell รุ่น OPTIPLEX 390,7440-020-0007.50,-,23-เม.ย.-56,1,ใช้ได้,ห้องปฏิบัติการ ๒ (โต๊ะตึก),จอคอมพิวเตอร์,ห้องปฏิบัติการ 2
488,จอคอมพิวเตอร์ IBM ,7440-017-0183.3/2549,-,29-พ.ค.-49,1,ชำรุด,ห้องเก็บของ ส่งคืนพัสดุชำรุด,จอคอมพิวเตอร์,ห้องเก็บของ
489,จอคอมพิวเตอร์ IBM ,7440-017-0183.1/2549,-,29-พ.ค.-49,1,ชำรุด,ห้องเก็บของ ส่งคืนพัสดุชำรุด,จอคอมพิวเตอร์,ห้องเก็บของ
490,จอคอมพิวเตอร์ IBM ,7440-115-0019.1/2551,-,10-เม.ย.-51,1,ใช้ได้,หน้าห้องหัวหน้า กทผ. 5.2 ,จอคอมพิวเตอร์,-
491,จอคอมพิวเตอร์ Lenovo,7440-006-6742,-,-,1,ใช้ได้,ห้องปฏิบัติการ ๒ (โต๊ะจอม),จอคอมพิวเตอร์,ห้องปฏิบัติการ 2
492,จอคอมพิวเตอร์ Lenovo,7440-006-6471,-,-,1,ใช้ได้,โต๊ะธรรมรัตน์,จอคอมพิวเตอร์,-
493,จอคอมพิวเตอร์ Mission,7440-013-3059,-,21-ก.ค.-49,1,ชำรุด,ห้องเก็บของ ส่งคืนพัสดุชำรุด,จอคอมพิวเตอร์,ห้องเก็บของ
494,จอคอมพิวเตอร์ Mission,7440-013-3096,-,21-ก.ค.-49,1,ชำรุด,ห้องเก็บของ ส่งคืนพัสดุชำรุด,จอคอมพิวเตอร์,ห้องเก็บของ
495,จอคอมพิวเตอร์ Mission,7440-013-3098,-,21-ก.ค.-49,1,ชำรุด,ห้องเก็บของ ส่งคืนพัสดุชำรุด,จอคอมพิวเตอร์,ห้องเก็บของ
496,ตู้เหล็ก 4 ชั้น (บานเลื่อนกระจก)  ,          7110-013-8-009 2536 3254 TH,-,15-พ.ย.-36,1,ใช้ได้,ห้องประชุม,ตู้,ห้องประชุม
497,ตู้เหล็ก 5 ลิ้นชัก  ,ไม่มีหมายเลข,-,-,1,ใช้ได้,หน้าห้องประชุม,ตู้,-
498,ตู้เหล็กเก็บแบบฟอร์ม 7 ลิ้นชัก  ,7110-002-9-008,-,26-ต.ค.-36,1,ใช้ได้,(ริมหน้าต่าง),ตู้,-
499,ตู้เหล็กเก็บแฟ้มสันกว้างแบบ 2 ชั้น,7110-013-8-1538,-,31-ส.ค.-52,1,ใช้ได้,ห้องจัดเก็บครุภัณฑ์คอมพิวเตอร์(ระหว่างตู้เหล็ก),ตู้,ห้องจัดเก็บครุภัณฑ์คอมพิวเตอร์
500,ตู้เหล็กเก็บแฟ้มสันกว้างแบบ 2 ชั้น,7110-013-8-1539,-,31-ส.ค.-52,1,ใช้ได้,ห้องปฏิบัติการ 1 (ธุรการ 5.2),ตู้,ห้องปฏิบัติการ 1
501,ตู้เหล็กเก็บแฟ้มสันกว้างแบบ 2 ชั้น,7110-013-8-1540,-,31-ส.ค.-52,1,ใช้ได้,ห้องปฏิบัติการ 1 (ธุรการ 5.2),ตู้,ห้องปฏิบัติการ 1
502,ตู้เหล็กเก็บแฟ้มสันกว้างแบบ 2 ชั้น,7110-013-8-1541,-,31-ส.ค.-52,1,ใช้ได้,ห้องจัดเก็บครุภัณฑ์คอมพิวเตอร์(ระหว่างตู้เหล็ก),ตู้,ห้องจัดเก็บครุภัณฑ์คอมพิวเตอร์
503,ตู้เหล็กเก็บเอกสารบานเลื่อนกระจกสีเทา  ,7110-013-8-010 2536 3254TH,-,15 พ. ค. 36,1,ใช้ได้,ห้องจัดเก็บครุภัณฑ์คอมพิวเตอร์ (ติดผนัง),ตู้,ห้องจัดเก็บครุภัณฑ์คอมพิวเตอร์
504,ตู้เหล็กเก็บเอกสารบานเลื่อนกระจกสีเทา  ,7110-013-8-011 2536 3254TH,-,15 พ. ค. 36,1,ใช้ได้,ห้องจัดเก็บครุภัณฑ์คอมพิวเตอร์ (ติดผนัง),ตู้,ห้องจัดเก็บครุภัณฑ์คอมพิวเตอร์
505,ตู้เหล็กเก็บเอกสารบานเลื่อนกระจกสีเทา  ,7110-013-8-012 2536 3254TH,-,15 พ. ค. 36,1,ใช้ได้,ห้องปฏิบัติการ 1 (ธุรการ 5.2),ตู้,ห้องปฏิบัติการ 1
506,ตู้เหล็กเก็บเอกสารบานเลื่อนกระจกสีเทา  ,7110-013-8-013 2536 3254TH,-,15 พ. ค. 36,1,ใช้ได้,ห้องจัดเก็บครุภัณฑ์คอมพิวเตอร์ (ติดผนัง),ตู้,ห้องจัดเก็บครุภัณฑ์คอมพิวเตอร์
507,ตู้เหล็กเก็บเอกสารบานเลื่อนกระจกสีเทา  ,7110-013-8-015 2536 3254TH,-,15 พ. ค. 36,1,ใช้ได้,ห้องปฏิบัติการ 1 (ธุรการ 5.2),ตู้,ห้องปฏิบัติการ 1
508,ตู้เหล็กเก็บเอกสารบานเลื่อนกระจกสีเทา  ,7110-013-8-016 2536 3254TH,-,15 พ. ค. 36,1,ใช้ได้,ห้องจัดเก็บครุภัณฑ์คอมพิวเตอร์ (ติดผนัง),ตู้,ห้องจัดเก็บครุภัณฑ์คอมพิวเตอร์
509,ตู้เหล็กเก็บเอกสารบานเลื่อนกระจกสีเทา  ,7110-013-8-017 2536 3254TH,-,15 พ. ค. 36,1,ใช้ได้,ห้องประชุม,ตู้,ห้องประชุม
510,ตู้เหล็กขนาด 12 ช่อง (Locker),7125-002-0002 2536 3254TH,-,2536,1,ใช้ได้,หน้าห้องปฏิบัติการ 1 (ติดประตู),ตู้,-
511,ตู้เหล็กขนาด 12 ช่อง (Locker),7125-002-0003 2536 3254TH,-,2536,1,ใช้ได้,หน้าห้องปฏิบัติการ 1 (ติดประตู),ตู้,-
512,สำรองไฟ (UPS)  ยี่ห้อ Belite รุ่น IC-800I,7440-020-0007.428,-,23-เม.ย.-56,1,ใช้ได้,ห้องปฏิบัติการ ๒ (ว่าง),สำรองไฟ (UPS),ห้องปฏิบัติการ 2
513,สำรองไฟ (UPS)  ยี่ห้อ Belite รุ่น IC-800I,7440-020-0007.445,-,23-เม.ย.-56,1,ชำรุด,ห้องจัดเก็บครุภัณฑ์คอมพิวเตอร์,สำรองไฟ (UPS),ห้องจัดเก็บครุภัณฑ์คอมพิวเตอร์
514,สำรองไฟ (UPS)  ยี่ห้อ Belite รุ่น IC-800I,7440-020-0007.431,-,23-เม.ย.-56,1,ชำรุด,ห้องเก็บของ ส่งคืนพัสดุชำรุด,สำรองไฟ (UPS),ห้องเก็บของ
515,สำรองไฟ (UPS)  ยี่ห้อ Belite รุ่น IC-800I,7440-020-0007.441,-,23-เม.ย.-56,1,ชำรุด,ห้องจัดเก็บครุภัณฑ์คอมพิวเตอร์,สำรองไฟ (UPS),ห้องจัดเก็บครุภัณฑ์คอมพิวเตอร์
516,สำรองไฟ (UPS)  ยี่ห้อ Belite รุ่น IC-800I,7440-020-0007.438,-,23-เม.ย.-56,1,ชำรุด,ห้องจัดเก็บครุภัณฑ์คอมพิวเตอร์,สำรองไฟ (UPS),ห้องจัดเก็บครุภัณฑ์คอมพิวเตอร์
517,สำรองไฟ (UPS)  ยี่ห้อ Belite รุ่น IC-800I,7440-020-0007.434,-,23-เม.ย.-56,1,ใช้ได้,ห้องจัดเก็บครุภัณฑ์คอมพิวเตอร์ (ใต้โต๊ะ),สำรองไฟ (UPS),ห้องจัดเก็บครุภัณฑ์คอมพิวเตอร์
518,สำรองไฟ (UPS)  ยี่ห้อ Belite รุ่น IC-800I,7440-020-0007.440,-,23-เม.ย.-56,1,ใช้ได้,ห้องปฏิบัติการ  (ลูกคลื่น),สำรองไฟ (UPS),-
519,สำรองไฟ (UPS)  ยี่ห้อ Belite รุ่น IC-800I,7440-020-0007.439,-,23-เม.ย.-56,1,ใช้ได้,ห้องปฏิบัติการ 3 (โต๊ะอธินี),สำรองไฟ (UPS),ห้องปฏิบัติการ 3
520,สำรองไฟ (UPS)  ยี่ห้อ Belite รุ่น IC-800I,7440-020-0007.444,-,23-เม.ย.-56,1,ใช้ได้,ห้องปฏิบัติการ ๒ (โต๊ะฟลุ้ค),สำรองไฟ (UPS),ห้องปฏิบัติการ 2
521,สำรองไฟ (UPS)  ยี่ห้อ Belite รุ่น IC-800I,7440-020-0007.430,-,23-เม.ย.-56,1,ใช้ได้,โต๊ะว่าง,สำรองไฟ (UPS),-
522,สำรองไฟ (UPS)  ยี่ห้อ Belite รุ่น IC-800I,7440-020-0007.429,-,23-เม.ย.-56,1,ชำรุด,ห้องเก็บของ ส่งคืนพัสดุชำรุด,สำรองไฟ (UPS),ห้องเก็บของ
523,สำรองไฟ (UPS)  ยี่ห้อ Belite รุ่น IC-800I,7440-020-0007.433,-,23-เม.ย.-56,1,ใช้ได้,ห้องปฏิบัติการ 1 (โต๊ะใหม่),สำรองไฟ (UPS),ห้องปฏิบัติการ 1
524,สำรองไฟ (UPS)  ยี่ห้อ Belite รุ่น IC-800I,7440-020-0007.426,-,23-เม.ย.-56,1,ใช้ได้,ห้องปฏิบัติการ  (โต๊ะว่าง),สำรองไฟ (UPS),-
525,สำรองไฟ (UPS)  ยี่ห้อ Belite รุ่น IC-800I,7440-020-0007.427,-,23-เม.ย.-56,1,ใช้ได้,โต๊ะเจนพิธีกร,สำรองไฟ (UPS),-
526,สำรองไฟ (UPS)  ยี่ห้อ Belite รุ่น IC-800I,7440-020-0007.443,-,23-เม.ย.-56,1,ใช้ได้,ห้องปฏิบัติการ ๒ (โต๊ะพิมพ์ชนก),สำรองไฟ (UPS),ห้องปฏิบัติการ 2
527,สำรองไฟ (UPS)  ยี่ห้อ Belite รุ่น IC-800I,7440-020-0007.435,-,23-เม.ย.-56,1,ใช้ได้,ห้องปฏิบัติการ ๒ (โต๊ะก้อย),สำรองไฟ (UPS),ห้องปฏิบัติการ 2
528,สำรองไฟ (UPS)  ยี่ห้อ Belite รุ่น IC-800I,7440-020-0007.437,-,23-เม.ย.-56,1,ชำรุด,ห้องจัดเก็บครุภัณฑ์คอมพิวเตอร์,สำรองไฟ (UPS),ห้องจัดเก็บครุภัณฑ์คอมพิวเตอร์
529,สำรองไฟ (UPS)  ยี่ห้อ Belite รุ่น IC-800I,7440-020-0007.436,-,23-เม.ย.-56,1,ใช้ได้,ห้องปฏิบัติการ ๒ (โต๊ะว่าง),สำรองไฟ (UPS),ห้องปฏิบัติการ 2
530,สำรองไฟ (UPS)  ยี่ห้อ SmartPower รุ่น ICON800i,7440-020-0004.23.2,-,05-พ.ย.-53,1,ชำรุด,ห้องเก็บของ ส่งคืนพัสดุชำรุด,สำรองไฟ (UPS),ห้องเก็บของ
531,สำรองไฟ (UPS)  ยี่ห้อ SmartPower รุ่น ICON800i,7440-020-0004-21.2,-,05-ก.พ.-59,1,ใช้ได้,ห้องปฏิบัติการ 3 (โต๊ะณัฐวุฒิ สุวานิช),สำรองไฟ (UPS),ห้องปฏิบัติการ 3
532,สำรองไฟ (UPS)  ยี่ห้อ SmartPower รุ่น ICON800i,7440-020-0004.27.2,-,23-เม.ย.-56,1,ชำรุด,ห้องจัดเก็บครุภัณฑ์คอมพิวเตอร์ (ใต้โต๊ะ),สำรองไฟ (UPS),ห้องจัดเก็บครุภัณฑ์คอมพิวเตอร์
533,สำรองไฟ (UPS)  ยี่ห้อ SmartPower รุ่น ICON800i,7440-020-0002.8.2,-,15-ส.ค.-57,1,ใช้ได้,ห้องจัดเก็บครุภัณฑ์คอมพิวเตอร์,สำรองไฟ (UPS),ห้องจัดเก็บครุภัณฑ์คอมพิวเตอร์
534,สำรองไฟ (UPS)  ยี่ห้อ SmartPower รุ่น ICON800i,7440-020-0002.15.2,-,05-ก.พ.-59,1,ใช้ได้,ห้องปฏิบัติการ ๒ (โต๊ะปราย),สำรองไฟ (UPS),ห้องปฏิบัติการ 2
535,สำรองไฟ (UPS)  ยี่ห้อ SmartPower รุ่น ICON800i,7440-020-0002.14.2,-,15-ส.ค.-57,1,ชำรุด,ห้องจัดเก็บครุภัณฑ์คอมพิวเตอร์,สำรองไฟ (UPS),ห้องจัดเก็บครุภัณฑ์คอมพิวเตอร์
536,สำรองไฟ (UPS)  ยี่ห้อ SmartPower รุ่น ICON800i,7440-020-0002.7.2,-,15-ส.ค.-57,1,ใช้ได้,ห้องปฏิบัติการ ๒ (โต๊ะเป้),สำรองไฟ (UPS),ห้องปฏิบัติการ 2
537,สำรองไฟ (UPS)  ยี่ห้อ SmartPower รุ่น ICON800i,7440-020-0002.16.2,-,15-ส.ค.-57,1,ใช้ได้,ห้องปฏิบัติการ ๒ (โต๊ะว่าง),สำรองไฟ (UPS),ห้องปฏิบัติการ 2
538,สำรองไฟ (UPS)  ยี่ห้อ SmartPower รุ่น ICON800i,7440-020-0002.82.2,-,05-ก.พ.-59,1,ใช้ได้,ห้องปฏิบัติการ 3 (โต๊ะปุณยวีร์),สำรองไฟ (UPS),ห้องปฏิบัติการ 3
539,สำรองไฟ (UPS)  ยี่ห้อ SmartPower รุ่น ICON800i,7440-020-0002.11.2,-,15-ส.ค.-57,1,ใช้ได้,ห้องปฏิบัติการ 3 (โต๊ะว่าง),สำรองไฟ (UPS),ห้องปฏิบัติการ 3
540,สำรองไฟ (UPS)  ยี่ห้อ SmartPower รุ่น ICON800i,7440-020-0001.106.2,-,15-ส.ค.-57,1,ใช้ได้,วางหลังมารีย๊ะ,สำรองไฟ (UPS),-
541,สำรองไฟ (UPS)  ยี่ห้อ SmartPower รุ่น ICON800i,7440-020-0002.44.2,-,15-ส.ค.-57,1,ใช้ได้,กทผ. 5.1 (โต๊ะห้องมารีย๊ะ),สำรองไฟ (UPS),-
542,สำรองไฟ (UPS)  ยี่ห้อ SmartPower รุ่น ICON800i,7440-020-0001.11.2,-,05-ก.พ.-59,1,ใช้ได้,ห้องปฏิบัติการ ๒ (โต๊ะปาริชาติ),สำรองไฟ (UPS),ห้องปฏิบัติการ 2
543,สำรองไฟ (UPS)  ยี่ห้อ SmartPower รุ่น ICON800i,7440-020-0001.113.2,-,05-ก.พ.-59,1,ใช้ได้,ห้องปฏิบัติการ ๒ (โต๊ะโสมวรรณ),สำรองไฟ (UPS),ห้องปฏิบัติการ 2
544,สำรองไฟ (UPS)  ยี่ห้อ SmartPower รุ่น ICON800i,7440-020-001.114.2,-,05-ก.พ.-59,1,ใช้ได้,ห้องปฏิบัติการ ๒ (โต๊ะแอร์),สำรองไฟ (UPS),ห้องปฏิบัติการ 2
545,สำรองไฟ (UPS)  ยี่ห้อ SmartPower รุ่น ICON800i,7440-020-0001.115.2,-,05-ก.พ.-59,1,ใช้ได้,ห้องปฏิบัติการ 3 (โต๊ะณัฐวุฒิ อนันต์),สำรองไฟ (UPS),ห้องปฏิบัติการ 3
546,สำรองไฟ (UPS)  ยี่ห้อ SmartPower รุ่น ICON800i,7440-020-0001.116.2,-,05-ก.พ.-59,1,ชำรุด,ห้องจัดเก็บครุภัณฑ์คอมพิวเตอร์,สำรองไฟ (UPS),ห้องจัดเก็บครุภัณฑ์คอมพิวเตอร์
547,สำรองไฟ (UPS)  ยี่ห้อ SmartPower รุ่น ICON800i,7440-020-0001.117.2,-,05-ก.พ.-59,1,ใช้ได้,ห้องปฏิบัติการ ๒ (โต๊ะมะยม),สำรองไฟ (UPS),ห้องปฏิบัติการ 2
548,สำรองไฟ (UPS)  ยี่ห้อ SmartPower รุ่น ICON800i,7440-020-0001.118.2,-,05-ก.พ.-59,1,ชำรุด,ห้องปฏิบัติการ 3 (โต๊ะว่าง),สำรองไฟ (UPS),ห้องปฏิบัติการ 3
549,สำรองไฟ (UPS)  ยี่ห้อ SmartPower รุ่น ICON800i,7440-020-0001.119.2,-,05-ก.พ.-59,1,ชำรุด,ห้องเก็บของ ส่งคืนพัสดุชำรุด,สำรองไฟ (UPS),ห้องเก็บของ
550,สำรองไฟ (UPS)  ยี่ห้อ SmartPower รุ่น ICON800i,7440-020-0001.120.2,-,05-ก.พ.-59,1,ใช้ได้,ห้องปฏิบัติการ 3 (โต๊ะหลิว),สำรองไฟ (UPS),ห้องปฏิบัติการ 3
551,สำรองไฟ (UPS)  ยี่ห้อ SmartPower รุ่น ICON800i,7440-020-0001.121.2,-,05-ก.พ.-59,1,ใช้ได้,ห้องปฏิบัติการ ๒ (โต๊ะชมพู่),สำรองไฟ (UPS),ห้องปฏิบัติการ 2
552,สำรองไฟ (UPS)  ยี่ห้อ SmartPower รุ่น ICON800i,7440-020-0002.12.2,-,05-ก.พ.-59,1,ใช้ได้,ห้องปฏิบัติการ 3 (โต๊ะจิตรานุช),สำรองไฟ (UPS),ห้องปฏิบัติการ 3
553,สำรองไฟ (UPS)  ยี่ห้อ SmartPower รุ่น ICON800i,7440-020-0001.123.2,-,05-ก.พ.-59,1,ชำรุด,ห้องเก็บของ ส่งคืนพัสดุชำรุด,สำรองไฟ (UPS),ห้องเก็บของ
554,สำรองไฟ (UPS)  ยี่ห้อ SmartPower รุ่น ICON800i,7440-020-0001.125.2,-,05-ก.พ.-59,1,ใช้ได้,ห้องปฏิบัติการ ๒ (โต๊ะหญิง),สำรองไฟ (UPS),ห้องปฏิบัติการ 2
555,สำรองไฟ (UPS)  ยี่ห้อ SmartPower รุ่น ICON800i,7440-020-0001.126.2,-,05-ก.พ.-59,1,ใช้ได้,ห้องจัดเก็บครุภัณฑ์คอมพิวเตอร์ (ใต้โต๊ะ),สำรองไฟ (UPS),ห้องจัดเก็บครุภัณฑ์คอมพิวเตอร์
556,สำรองไฟ (UPS)  ยี่ห้อ SmartPower รุ่น ICON800i,7440-020-0001.131.2,-,05-ก.พ.-59,1,ใช้ได้,ห้องปฏิบัติการ 3 (โต๊ะปูน),สำรองไฟ (UPS),ห้องปฏิบัติการ 3
557,สำรองไฟ (UPS)  ยี่ห้อ SmartPower รุ่น ICON800i,7440-020-0001.133.2,-,05-ก.พ.-59,1,ใช้ได้,ห้องปฏิบัติการ ๒ (โต๊ะมายด์),สำรองไฟ (UPS),ห้องปฏิบัติการ 2
558,สำรองไฟ (UPS)  ยี่ห้อ SmartPower รุ่น ICON800i,7440-020-0001.134.2,-,05-ก.พ.-59,1,ใช้ได้,ห้องปฏิบัติการ 3 (โต๊ะว่าง),สำรองไฟ (UPS),ห้องปฏิบัติการ 3
559,สำรองไฟ (UPS)  ยี่ห้อ SmartPower รุ่น ICON800i,7440-020-0001.135.2,-,05-ก.พ.-59,1,ใช้ได้,ห้องปฏิบัติการ 3 (โต๊ะฤทธิชัย),สำรองไฟ (UPS),ห้องปฏิบัติการ 3
560,สำรองไฟ (UPS)  ยี่ห้อ SmartPower รุ่น ICON800i,7440-020-0002.24.2,-,05-ก.พ.-59,1,ใช้ได้,ห้องปฏิบัติการ 3 (โต๊ะบิ๊ก),สำรองไฟ (UPS),ห้องปฏิบัติการ 3
561,สำรองไฟ (UPS)  ยี่ห้อ SmartPower รุ่น ICON800i,7440-020-0002.25.2,-,05-ก.พ.-59,1,ชำรุด,ห้องจัดเก็บครุภัณฑ์คอมพิวเตอร์ (ใต้โต๊ะ),สำรองไฟ (UPS),ห้องจัดเก็บครุภัณฑ์คอมพิวเตอร์
562,สำรองไฟ (UPS)  ยี่ห้อ Syndome รุ่น Gold-800,7440-013-6797.2/2554,-,05-พ.ย.-53,1,ใช้ได้,ห้องปฏิบัติการ ๒ (โต๊ะตึก),สำรองไฟ (UPS),ห้องปฏิบัติการ 2
563,สำรองไฟ (UPS)  ยี่ห้อ Syndome รุ่น Gold-800,7440-013-6798.2/2554,-,05-พ.ย.-53,1,ชำรุด,ห้องจัดเก็บครุภัณฑ์คอมพิวเตอร์ ,สำรองไฟ (UPS),ห้องจัดเก็บครุภัณฑ์คอมพิวเตอร์
564,สำรองไฟ (UPS)  ยี่ห้อ Syndome รุ่น Gold-800,7440-013-6799.2/2554,-,05-พ.ย.-53,1,ชำรุด,ห้องจัดเก็บครุภัณฑ์คอมพิวเตอร์ ,สำรองไฟ (UPS),ห้องจัดเก็บครุภัณฑ์คอมพิวเตอร์
565,สำรองไฟ (UPS)  ยี่ห้อ Syndome รุ่น Gold-800,7440-013-6801.2/2554,-,05-พ.ย.-53,1,ใช้ได้,ห้องปฏิบัติการ 1 (โต๊ะแอ๊ว),สำรองไฟ (UPS),ห้องปฏิบัติการ 1
566,สำรองไฟ (UPS)  ยี่ห้อ Syndome รุ่น Gold-800,7440-013-6802.2/2554,-,05-พ.ย.-53,1,ใช้ได้,ห้องปฏิบัติการ ๒ (โต๊ะแบต),สำรองไฟ (UPS),ห้องปฏิบัติการ 2
567,สำรองไฟ (UPS)  ยี่ห้อ Syndome รุ่น Gold-800,7440-013-6803.2/2554,-,05-พ.ย.-53,1,ใช้ได้,ห้องปฏิบัติการ 3 (โต๊ะว่าง),สำรองไฟ (UPS),ห้องปฏิบัติการ 3
568,สำรองไฟ (UPS)  ยี่ห้อ Syndome รุ่น Gold-800,7440-013-6805.2/2554,-,05-พ.ย.-53,1,ใช้ได้,ห้องปฏิบัติการ 3 (โต๊ะรัญชิดา),สำรองไฟ (UPS),ห้องปฏิบัติการ 3
569,สำรองไฟ (UPS)  ยี่ห้อ Syndome รุ่น Gold-800,7440-013-7071.2,-,05-พ.ย.-53,1,ชำรุด,ห้องจัดเก็บครุภัณฑ์คอมพิวเตอร์ ,สำรองไฟ (UPS),ห้องจัดเก็บครุภัณฑ์คอมพิวเตอร์
570,สำรองไฟ (UPS)  ยี่ห้อ Syndome รุ่น Gold-800,7440-013-7062.2,-,05-พ.ย.-53,1,ใช้ได้,ห้องปฏิบัติการ 3 (โต๊ะกอบชัย),สำรองไฟ (UPS),ห้องปฏิบัติการ 3
571,สำรองไฟ (UPS)  ยี่ห้อ Syndome รุ่น Gold-800,7440-013-6808.2/2554,-,23-เม.ย.-56,1,ใช้ได้,ห้องปฏิบัติการ 1 (โต๊ะแอฟ),สำรองไฟ (UPS),ห้องปฏิบัติการ 1
572,สำรองไฟ (UPS)  ยี่ห้อ Syndome รุ่น Gold-800,7440-013-6809.2/2554,-,05-พ.ย.-53,1,ใช้ได้,หน้าห้องหัวหน้า กทผ. 5.2 ,สำรองไฟ (UPS),-
573,สำรองไฟ (UPS)  ยี่ห้อ Syndome รุ่น Gold-800,7440-013-6810.2/2554,-,05-พ.ย.-53,1,ใช้ได้,ห้องเก็บของ ส่งคืนพัสดุชำรุด,สำรองไฟ (UPS),ห้องเก็บของ
574,สำรองไฟ (UPS)  ยี่ห้อ Syndome รุ่น Gold-800,7440-013-6811.2/2554,-,05-พ.ย.-53,1,ใช้ได้,ห้องปฏิบัติการ 1 (โต๊ะแอน),สำรองไฟ (UPS),ห้องปฏิบัติการ 1
575,สำรองไฟ (UPS)  ยี่ห้อ Syndome รุ่น Gold-800,7440-013-6812.2/2554,-,05-พ.ย.-53,1,ใช้ได้,ห้องปฏิบัติการ 3 (โต๊ะเทพบดินทร์),สำรองไฟ (UPS),ห้องปฏิบัติการ 3
576,สำรองไฟ (UPS)  ยี่ห้อ Syndome รุ่น Gold-800,7440-013-7064.2,-,05-พ.ย.-53,1,ใช้ได้,ห้องปฏิบัติการ 3 (โต๊ะสิรินาถ),สำรองไฟ (UPS),ห้องปฏิบัติการ 3
577,สำรองไฟ (UPS)  ยี่ห้อ Syndome รุ่น Gold-800,7440-013-6818.2/2554,-,05-พ.ย.-53,1,ชำรุด,ห้องปฏิบัติการ 3 (โต๊ะพิทวัส),สำรองไฟ (UPS),ห้องปฏิบัติการ 3
578,สำรองไฟ (UPS)  ยี่ห้อ Syndome รุ่น Star series ,7440-013-7543.2,-,-,1,ชำรุด,ห้องปฏิบัติการ 3 (โต๊ะนิสสัน),สำรองไฟ (UPS),ห้องปฏิบัติการ 3
579,สำรองไฟ (UPS)  ยี่ห้อ Syndome รุ่น Star series ,ไม่มีหมายเลข,-,-,1,ชำรุด,ห้องจัดเก็บครุภัณฑ์คอมพิวเตอร์ (ใต้โต๊ะ),สำรองไฟ (UPS),ห้องจัดเก็บครุภัณฑ์คอมพิวเตอร์
580,สำรองไฟ (UPS)  ยี่ห้อ Syndome รุ่น Star series ,ไม่มีหมายเลข,-,-,1,ชำรุด,ห้องจัดเก็บครุภัณฑ์คอมพิวเตอร์ (ใต้โต๊ะ),สำรองไฟ (UPS),ห้องจัดเก็บครุภัณฑ์คอมพิวเตอร์
581,สำรองไฟ (UPS)  ยี่ห้อ Syndome รุ่น Star series ,ไม่มีหมายเลข,-,-,1,ชำรุด,ห้องจัดเก็บครุภัณฑ์คอมพิวเตอร์ (ใต้โต๊ะ),สำรองไฟ (UPS),ห้องจัดเก็บครุภัณฑ์คอมพิวเตอร์
582,สำรองไฟ (UPS)  ยี่ห้อ Syndome รุ่น Star series ,ไม่มีหมายเลข,-,-,1,ชำรุด,ห้องจัดเก็บครุภัณฑ์คอมพิวเตอร์ (ใต้โต๊ะ),สำรองไฟ (UPS),ห้องจัดเก็บครุภัณฑ์คอมพิวเตอร์
583,สำรองไฟ (UPS)  ยี่ห้อ UPS 1000 VA 'PCM',6115-004-1-2457,-,06-ก.ย.-53,1,ชำรุด,ห้องจัดเก็บครุภัณฑ์คอมพิวเตอร์ (ใต้โต๊ะ),สำรองไฟ (UPS),ห้องจัดเก็บครุภัณฑ์คอมพิวเตอร์
584,สำรองไฟ (UPS)  ยี่ห้อ UPS 1000 VA 'PCM',6115-004-1-2461,-,06-ก.ย.-53,1,ชำรุด,ห้องปฏิบัติการ 3 (โต๊ะนิรดา),สำรองไฟ (UPS),ห้องปฏิบัติการ 3
585,สำรองไฟ (UPS)  ยี่ห้อ UPS 1000 VA 'PCM',6115-004-1-2464,-,06-ก.ย.-53,1,ชำรุด,ห้องปฏิบัติการ 3 (โต๊ะนพรัตน์),สำรองไฟ (UPS),ห้องปฏิบัติการ 3
586,สำรองไฟ ยี่ห้อ D๓ รุ่น DDI-500,6115-004-1-131/2543,-,มิ.ย.-๑๙๔๓,1,ชำรุด,ห้องเก็บของ,สำรองไฟ (UPS),ห้องเก็บของ
587,สำรองไฟ ยี่ห้อ Leonics,6115-004-1-1-1301,-,26-มิ.ย.-49,1,ชำรุด,ห้องจัดเก็บครุภัณฑ์คอมพิวเตอร์ ,สำรองไฟ (UPS),ห้องจัดเก็บครุภัณฑ์คอมพิวเตอร์
588,สำรองไฟ  ยี่ห้อ Deltech,7440-020-0002.25.2,-,,1,ชำรุด,ห้องจัดเก็บครุภัณฑ์คอมพิวเตอร์ ,สำรองไฟ (UPS),ห้องจัดเก็บครุภัณฑ์คอมพิวเตอร์
589,คอมพิวเตอร์ ยี่ห้อ SVOA,6675-027-1507.1/2551,-,,1,ชำรุด,ห้องประชุม จัดซื้อทดแทน ปีงบประมาณ พ.ศ.2565,คอมพิวเตอร์,ห้องประชุม
590,จอคอมพิวเตอร์ ยี่ห้อ HP ,7440-020-0001.60.1,-,,1,ชำรุด,ห้องเก็บของ ส่งคืนพัสดุชำรุด,คอมพิวเตอร์,ห้องเก็บของ
591,คอมพิวเตอร์ ยี่ห้อ ACER,6675-027-1355.1,-,ธ.ค.-36,1,ชำรุด,ห้องประชุม จัดซื้อทดแทน ปีงบประมาณ พ.ศ.2568,คอมพิวเตอร์,ห้องประชุม
592,คอมพิวเตอร์ ยี่ห้อ MISSION ,6675-027-1359.1,-,ธ.ค.-36,1,ชำรุด,ห้องประชุม จัดซื้อทดแทน ปีงบประมาณ พ.ศ.2568,คอมพิวเตอร์,ห้องประชุม
593,คอมพิวเตอร์ ยี่ห้อ ACER,7440-013-0537,-,23-ก.ค.-40,1,ชำรุด,ห้องประชุม จัดซื้อทดแทน ปีงบประมาณ พ.ศ.2565,คอมพิวเตอร์,ห้องประชุม
594,คอมพิวเตอร์ ยี่ห้อ ACER,7440-013-6811/2554,-,23-ก.ค.-40,1,ใช้ได้,พี่พงศ์ จัดซื้อทดแทน ปีงบประมาณ พ.ศ.2565,คอมพิวเตอร์,-
595,คอมพิวเตอร์ ยี่ห้อ COMPAQ,7440-013-1286,-,09-มี.ค.-47,1,ชำรุด,ห้องประชุม จัดซื้อทดแทน ปีงบประมาณ พ.ศ.2565,คอมพิวเตอร์,ห้องประชุม
596,จอคอมพิวเตอร์ ยี่ห้อ MISSION,7440-013-3062,-,02-ต.ค.-49,1,ชำรุด,ห้องเก็บของ ส่งคืนพัสดุชำรุด,จอคอมพิวเตอร์,ห้องเก็บของ
597,คอมพิวเตอร์ ยี่ห้อ SVOA,6675-027-1505.1/2551,-,18-ธ.ค.-50,1,ชำรุด,ห้องประชุม จัดซื้อทดแทน ปีงบประมาณ พ.ศ.2565,คอมพิวเตอร์,ห้องประชุม
598,คอมพิวเตอร์ ยี่ห้อ PA,6675-027-1507.1,-,18-ธ.ค.-50,1,ชำรุด,ห้องประชุม จัดซื้อทดแทน ปีงบประมาณ พ.ศ.2568,คอมพิวเตอร์,ห้องประชุม
599,คอมพิวเตอร์ ยี่ห้อ SVOA,6675-027-1510.1/2551,-,18-ธ.ค.-50,1,ชำรุด,ห้องประชุม จัดซื้อทดแทน ปีงบประมาณ พ.ศ.2565,คอมพิวเตอร์,ห้องประชุม
600,คอมพิวเตอร์ ยี่ห้อ SVOA,6675-027-1511.1/2551,-,18-ธ.ค.-50,1,ชำรุด,ห้องประชุม จัดซื้อทดแทน ปีงบประมาณ พ.ศ.2565,คอมพิวเตอร์,ห้องประชุม
601,คอมพิวเตอร์ ยี่ห้อ SVOA,6675-027-1515.1,-,18-ธ.ค.-50,1,ชำรุด,ห้องประชุม จัดซื้อทดแทน ปีงบประมาณ พ.ศ.2565,คอมพิวเตอร์,ห้องประชุม
602,คอมพิวเตอร์ ยี่ห้อ MPP,7440-013-4498/2551,-,,1,ใช้ได้,ห้องประชุม,คอมพิวเตอร์,ห้องประชุม
603,คอมพิวเตอร์ ยี่ห้อ MPP,7440-013-4497/2551,-,,1,ชำรุด,ห้องประชุม จัดซื้อทดแทน ปีงบประมาณ พ.ศ.2565,คอมพิวเตอร์,ห้องประชุม
604,คอมพิวเตอร์ ยี่ห้อ MPP,7440-013-4499/2551,-,,1,ชำรุด,ห้องประชุม จัดซื้อทดแทน ปีงบประมาณ พ.ศ.2568,คอมพิวเตอร์,ห้องประชุม
605,คอมพิวเตอร์ ยี่ห้อ MPP,7440-013-4488/2551,-,,1,ชำรุด,ห้องประชุม จัดซื้อทดแทน ปีงบประมาณ พ.ศ.2568,คอมพิวเตอร์,ห้องประชุม
606,คอมพิวเตอร์ ยี่ห้อ MPP,7440-013-4495/2551,-,,1,ชำรุด,ห้องประชุม จัดซื้อทดแทน ปีงบประมาณ พ.ศ.2568,คอมพิวเตอร์,ห้องประชุม
607,คอมพิวเตอร์ ยี่ห้อ MPP,7440-013-4169/2551,-,,1,ชำรุด,ห้องเก็บของ,คอมพิวเตอร์,ห้องเก็บของ
608,คอมพิวเตอร์ ยี่ห้อ MISSION ,7440-013-3062/2549,-,,1,ชำรุด,ห้องประชุม จัดซื้อทดแทน ปีงบประมาณ พ.ศ.2568,คอมพิวเตอร์,ห้องประชุม
609,คอมพิวเตอร์ ยี่ห้อ MPP,7440-013-4493/2551,-,,1,ชำรุด,ห้องประชุม จัดซื้อทดแทน ปีงบประมาณ พ.ศ.2565,คอมพิวเตอร์,ห้องประชุม
610,คอมพิวเตอร์ ยี่ห้อ MPP,7440-013-4501/2551,-,,1,ใช้ได้,ห้องประชุม,คอมพิวเตอร์,ห้องประชุม
611,คอมพิวเตอร์ ยี่ห้อ ACER,7440-020-0001.65,-,05-ม.ค.-59,1,ใช้ได้,ห้องประชุม,คอมพิวเตอร์,ห้องประชุม
612,เครื่องพิมพ์ ยี่ห้อ CANON IP 1600,7440-010-1768,-,02-ต.ค.-49,1,ใช้ได้,ห้องเก็บของ ส่งคืนพัสดุชำรุด,เครื่องพิมพ์,ห้องเก็บของ
613,เครื่องสแกนเนอร์ (A4) ยี่ห้อ EPSON,-,-,12-ม.ค.-59,1,ใช้ได้,กทผ.7 ขอ,เครื่องสแกนเนอร์,-
614,เครื่อง PLOTER Canon รุ่น IPF 671 ,6675-026-1879,110000 004442 0,12-ก.ค.-60,1,ใช้ได้,รับมาจากสาขาบางขุนเทียน กทม.,เครื่องพิมพ์,-
615,Scanner สี A3 ยี่ห้อ EPSON รุ่น WorkForce Ds-7000,7440-020-007.264,-,23-เม.ย.-56,1,ใช้ได้,ห้องจัดเก็บครุภัณฑ์คอมพิวเตอร์ ,เครื่องสแกนเนอร์,ห้องจัดเก็บครุภัณฑ์คอมพิวเตอร์
616,Scanner สี A3 ยี่ห้อ EPSON รุ่น WorkForce Ds-7000,7440-020-007.263,-,23-เม.ย.-56,1,ใช้ได้,ห้องจัดเก็บครุภัณฑ์คอมพิวเตอร์,เครื่องสแกนเนอร์,ห้องจัดเก็บครุภัณฑ์คอมพิวเตอร์
617,เครื่องฉายภาพโปรเจคเตอร์ HITACHI รุ่น CPX445,6730-007-0053/2558,-,21-ก.ย.-58,1,ใช้ได้,ห้องจัดเก็บครุภัณฑ์คอมพิวเตอร์,เครื่องฉายภาพโปรเจคเตอร์,ห้องจัดเก็บครุภัณฑ์คอมพิวเตอร์
618,เครื่องพิมพ์ ยี่ห้อ Fuji Xerox Docuprint c2255,7440-010-5581/2555,-,2555,1,ชำรุด,ส่งซ่อม,เครื่องพิมพ์,อื่นๆ
619,เครื่องพิมพ์มัลติฟังก์ชั่น ยี่ห้อ Fuji Xerox รุ่น Apeos Port-V C3376 ,7440-010-6-0448,110000 003015 0,24-มี.ค.-66,1,ใช้ได้,หน้าห้อง ผ.อ.,เครื่องพิมพ์,-
620,เครื่องพิมพ์มัลติฟังก์ชั่น ยี่ห้อ Fuji Xerox รุ่น Apeos Port-V C3376 ,7440-010-6-0449,110000 003016 0,24-มี.ค.-66,1,ใช้ได้,ห้องปฏิบัติการ 1,เครื่องพิมพ์,ห้องปฏิบัติการ 1
621,คอมพิวเตอร์ ยี่ห้อ Acer รุ่น Veriton M275 ,๗๔๔๐-๐๒๐-๐๐๐๒.๕๓,-,๐๕-ม.ค.-๑๙๖๗,1,ใช้ได้,รับมาจาก ศรท. (โต๊ะเพ็ญ),คอมพิวเตอร์,-
622,คอมพิวเตอร์ ยี่ห้อ Acer รุ่น Veriton M275 ,๗๔๔๐-๐๑๓-๗๔๘๙,-,๐๕-ม.ค.-๑๙๖๗,1,ใช้ได้,รับมาจาก ศรท. ,คอมพิวเตอร์,-
623,คอมพิวเตอร์ ยี่ห้อ Acer รุ่น Veriton M275,๗๔๔๐-๐๒๐-๐๐๐๒.๕๙,-,๐๕-ม.ค.-๑๙๖๗,1,ใช้ได้,รับมาจาก ศรท. ,คอมพิวเตอร์,-
624,คอมพิวเตอร์ ยี่ห้อ Acer รุ่น Veriton M275,๗๔๔๐-๐๒๐-๐๐๐๒.๗๘,-,๐๕-ม.ค.-๑๙๖๗,1,ใช้ได้,รับมาจาก ศรท. ,คอมพิวเตอร์,-
625,คอมพิวเตอร์ ยี่ห้อ Acer รุ่น Veriton M275,๗๔๔๐-๐๒๐-๐๐๐๒.๖๘,-,๐๕-ม.ค.-๑๙๖๗,1,ใช้ได้,รับมาจาก ศรท.  (โต๊ะสมชาย),คอมพิวเตอร์,-
626,คอมพิวเตอร์ ยี่ห้อ Acer รุ่น Veriton M275,๗๔๔๐-๐๒๐-๐๐๐๒.๗๔,-,๐๕-ม.ค.-๑๙๖๗,1,ใช้ได้,รับมาจาก ศรท. ,คอมพิวเตอร์,-
627,คอมพิวเตอร์ ยี่ห้อ Acer รุ่น Veriton M275,๗๔๔๐-๐๒๐-๐๐๐๒.๗๖,-,๐๕-ม.ค.-๑๙๖๗,1,ใช้ได้,รับมาจาก ศรท. ,คอมพิวเตอร์,-
628,คอมพิวเตอร์ ยี่ห้อ Acer รุ่น Veriton M275,๗๔๔๐-๐๒๐-๐๐๐๑.๖๗,-,๐๕-ม.ค.-๑๙๖๗,1,ใช้ได้,รับมาจาก ศรท. ,คอมพิวเตอร์,-
629,คอมพิวเตอร์ ยี่ห้อ Acer รุ่น Veriton M275,๗๔๔๐-๐๒๐-๐๐๐๒.๗๒,-,๐๕-ม.ค.-๑๙๖๗,1,ใช้ได้,รับมาจาก ศรท. ,คอมพิวเตอร์,-
630,คอมพิวเตอร์ ยี่ห้อ Acer รุ่น Veriton M275,๗๔๔๐-๐๒๐-๐๐๐๑.๑๓๐,-,๐๕-ม.ค.-๑๙๖๗,1,ใช้ได้,รับมาจาก ศรท. ,คอมพิวเตอร์,-
631,คอมพิวเตอร์ ยี่ห้อ Acer รุ่น Veriton M275,๗๔๔๐-๐๒๐-๐๐๐๒.๔๙,-,๐๕-ม.ค.-๑๙๖๗,1,ใช้ได้,รับมาจาก ศรท. (โต๊ะเต็มศักดิ์),คอมพิวเตอร์,-
632,คอมพิวเตอร์ ยี่ห้อ Acer รุ่น Veriton M275,๗๔๔๐-๐๒๐-๐๐๐๒.๖๖,-,๐๕-ม.ค.-๑๙๖๗,1,ใช้ได้,รับมาจาก ศรท. (โต๊ะวาสุ),คอมพิวเตอร์,-
633,คอมพิวเตอร์ ยี่ห้อ Acer รุ่น Veriton M275,๗๔๔๐-๐๒๐-๐๐๐๒.๖๓,-,๐๕-ม.ค.-๑๙๖๗,1,ใช้ได้,รับมาจาก ศรท. (โต๊ะพล),คอมพิวเตอร์,-
634,คอมพิวเตอร์ ยี่ห้อ Acer รุ่น Veriton M275,๗๔๔๐-๐๑๓-๗๔๙๑,-,๐๕-ม.ค.-๑๙๖๗,1,ใช้ได้,รับมาจาก ศรท. (โต๊ะเหมียว),คอมพิวเตอร์,-
635,คอมพิวเตอร์ ยี่ห้อ Acer รุ่น Veriton M275,๗๔๔๐-๐๒๐-๐๐๐๒.๗๗,-,๐๕-ม.ค.-๑๙๖๗,1,ใช้ได้,รับมาจาก ศรท. ,คอมพิวเตอร์,-
636,คอมพิวเตอร์ ยี่ห้อ Acer รุ่น Veriton M275,๗๔๔๐-๐๑๓-๗๐๖๖,-,๐๕-ม.ค.-๑๙๖๗,1,ใช้ได้,รับมาจาก ศรท. (โต๊ะนิพนธ์),คอมพิวเตอร์,-
637,คอมพิวเตอร์ ยี่ห้อ Acer รุ่น Veriton M275,๗๔๔๐-๐๒๐-๐๐๐๒.๘๑,-,๐๕-ม.ค.-๑๙๖๗,1,ใช้ได้,รับมาจาก ศรท. ,คอมพิวเตอร์,-
638,คอมพิวเตอร์ ยี่ห้อ Acer รุ่น Veriton M275,๗๔๔๐-๐๒๐-๐๐๐๒.๗๓,-,๐๕-ม.ค.-๑๙๖๗,1,ใช้ได้,รับมาจาก ศรท. (โต๊ะวุฒิชัย),คอมพิวเตอร์,-
639,คอมพิวเตอร์ ยี่ห้อ Acer รุ่น Veriton M275,๗๔๔๐-๐๒๐-๐๐๐๒.๕๐,-,๐๕-ม.ค.-๑๙๖๗,1,ใช้ได้,รับมาจาก ศรท. ,คอมพิวเตอร์,-
640,คอมพิวเตอร์ ยี่ห้อ Acer รุ่น Veriton M275,๗๔๔๐-๐๒๐-๐๐๐๒.๖๕,-,๐๕-ม.ค.-๑๙๖๗,1,ใช้ได้,รับมาจาก ศรท. ,คอมพิวเตอร์,-
641,คอมพิวเตอร์ ยี่ห้อ Acer รุ่น Veriton M275,๗๔๔๐-๐๒๐-๐๐๐๑.๖๔,-,๐๕-ม.ค.-๑๙๖๗,1,ใช้ได้,รับมาจาก ศรท. ,คอมพิวเตอร์,-
642,คอมพิวเตอร์ ยี่ห้อ Acer รุ่น Veriton M275,๗๔๔๐-๐๒๐-๐๐๐๒.๔๗,-,๐๕-ม.ค.-๑๙๖๗,1,ใช้ได้,รับมาจาก ศรท. ,คอมพิวเตอร์,-
643,คอมพิวเตอร์ ยี่ห้อ Acer รุ่น Veriton M275,๗๔๔๐-๐๑๓-๗๕๔๒,-,๐๕-ม.ค.-๑๙๖๗,1,ใช้ได้,รับมาจาก ศรท. ,คอมพิวเตอร์,-
644,คอมพิวเตอร์ ยี่ห้อ Acer รุ่น Veriton M275,๗๔๔๐-๐๒๐-๐๐๐๒.๕๘,-,๐๕-ม.ค.-๑๙๖๗,1,ใช้ได้,รับมาจาก ศรท. (โต๊ะศรัญญา),คอมพิวเตอร์,-
645,คอมพิวเตอร์ ยี่ห้อ Acer รุ่น Veriton M275,๗๔๔๐-๐๒๐-๐๐๐๒.๖๒,-,๐๕-ม.ค.-๑๙๖๗,1,ใช้ได้,รับมาจาก ศรท. ,คอมพิวเตอร์,-
646,คอมพิวเตอร์ ยี่ห้อ Acer รุ่น Veriton M490G,๗๔๔๐-๐๒๐-๐๐๐๓.๒๒,-,๐๕-ม.ค.-๑๙๖๗,1,ใช้ได้,รับมาจาก ศรท. ,คอมพิวเตอร์,-
647,คอมพิวเตอร์ ยี่ห้อ Acer รุ่น Veriton M490G,๗๔๔๐-๐๒๐-๐๐๐๓.๑๘,-,๐๕-ม.ค.-๑๙๖๗,1,ใช้ได้,รับมาจาก ศรท. ,คอมพิวเตอร์,-
648,คอมพิวเตอร์ ยี่ห้อ Acer รุ่น Veriton M490G,๗๔๔๐-๐๒๐-๐๐๐๓.๕,-,๐๕-ม.ค.-๑๙๖๗,1,ใช้ได้,รับมาจาก ศรท. ,คอมพิวเตอร์,-
649,คอมพิวเตอร์ ยี่ห้อ Acer รุ่น Veriton M490G,๗๔๔๐-๐๒๐-๐๐๐๓.๒๐,-,๐๕-ม.ค.-๑๙๖๗,1,ใช้ได้,รับมาจาก ศรท. ,คอมพิวเตอร์,-
650,คอมพิวเตอร์ ยี่ห้อ Acer รุ่น Veriton M490G,๗๔๔๐-๐๒๐-๐๐๐๓.๘,-,๐๕-ม.ค.-๑๙๖๗,1,ใช้ได้,รับมาจาก ศรท. ,คอมพิวเตอร์,-
651,จอคอมพิวเตอร์ ยี่ห้อ Acer  รุ่น  V193HQL,๗๔๔๐-๐๒๐-๐๐๐๒.๖๓.๑,-,๐๕-ม.ค.-๑๙๖๗,1,ใช้ได้,รับมาจาก ศรท. ,จอคอมพิวเตอร์,-
652,จอคอมพิวเตอร์ ยี่ห้อ Acer  รุ่น  V193w  ,๗๔๔๐-๐๑๓-๗๔๙๐.๑,-,๐๕-ม.ค.-๑๙๖๗,1,ใช้ได้,รับมาจาก ศรท. (โต๊ะวาสุ),จอคอมพิวเตอร์,-
653,จอคอมพิวเตอร์ ยี่ห้อ Acer  รุ่น  V193HQL,๗๔๔๐-๐๒๐-๐๐๐๒.๕๕.๑,-,๐๕-ม.ค.-๑๙๖๗,1,ใช้ได้,รับมาจาก ศรท. (โต๊ะเหมียว),จอคอมพิวเตอร์,-
654,จอคอมพิวเตอร์ ยี่ห้อ Acer  รุ่น  V193HQL,๗๔๔๐-๐๒๐-๐๐๐๒.๕๘.๑,-,๐๕-ม.ค.-๑๙๖๗,1,ใช้ได้,รับมาจาก ศรท. (โต๊ะนิพนธ์),จอคอมพิวเตอร์,-
655,จอคอมพิวเตอร์ ยี่ห้อ Acer  รุ่น  V193HQL,๗๔๔๐-๐๒๐-๐๐๐๒.๗๔.๑,-,๐๕-ม.ค.-๑๙๖๗,1,ใช้ได้,รับมาจาก ศรท. (โต๊ะวุฒิชัย),จอคอมพิวเตอร์,-
656,จอคอมพิวเตอร์ ยี่ห้อ Acer  รุ่น  V193HQL,๗๔๔๐-๐๒๐-๐๐๐๒.๗๗.๑,-,๐๕-ม.ค.-๑๙๖๗,1,ใช้ได้,รับมาจาก ศรท. (โต๊ะนิวัฒน์),จอคอมพิวเตอร์,-
657,จอคอมพิวเตอร์ ยี่ห้อ Acer  รุ่น  V193HQL,๗๔๔๐-๐๒๐-๐๐๐๒.๗๕.๑,-,๐๕-ม.ค.-๑๙๖๗,1,ใช้ได้,รับมาจาก ศรท. ,จอคอมพิวเตอร์,-
658,จอคอมพิวเตอร์ ยี่ห้อ Acer  รุ่น  V193w  ,๗๔๔๐-๐๒๐-๐๐๐๑.๑๓๐.๑,-,๐๕-ม.ค.-๑๙๖๗,1,ใช้ได้,รับมาจาก ศรท. (โต๊ะภัทร),จอคอมพิวเตอร์,-
659,จอคอมพิวเตอร์ ยี่ห้อ Acer  รุ่น  V193w  ,๗๔๔๐-๐๒๐-๐๐๐๑.๑๒๗.๑,-,๐๕-ม.ค.-๑๙๖๗,1,ใช้ได้,รับมาจาก ศรท. (โต๊ะพล),จอคอมพิวเตอร์,-
660,จอคอมพิวเตอร์ ยี่ห้อ Acer  รุ่น  V193HQL,๗๔๔๐-๐๒๐-๐๐๐๒.๗๘.๑,-,๐๕-ม.ค.-๑๙๖๗,1,ใช้ได้,รับมาจาก ศรท. (โต๊ะเต็มศักดิ์),จอคอมพิวเตอร์,-
661,จอคอมพิวเตอร์ ยี่ห้อ Acer  รุ่น  V193HQL,๗๔๔๐-๐๒๐-๐๐๐๒.๗๓.๑,-,๐๕-ม.ค.-๑๙๖๗,1,ใช้ได้,รับมาจาก ศรท. (โต๊ะเต็มศักดิ์),จอคอมพิวเตอร์,-
662,จอคอมพิวเตอร์ ยี่ห้อ Acer  รุ่น  V193w  ,๗๔๔๐-๐๑๓-๗๔๘๙.๑,-,๐๕-ม.ค.-๑๙๖๗,1,ใช้ได้,รับมาจาก ศรท. (โต๊ะวาสุ),จอคอมพิวเตอร์,-
663,จอคอมพิวเตอร์ ยี่ห้อ Acer  รุ่น  V193w  ,๗๔๔๐-๐๑๓-๗๐๖๑.๑,-,๐๕-ม.ค.-๑๙๖๗,1,ใช้ได้,รับมาจาก ศรท. (โต๊ะพล),จอคอมพิวเตอร์,-
664,จอคอมพิวเตอร์ ยี่ห้อ Acer  รุ่น  V193,๗๔๔๐-๐๒๐-๐๐๐๒.๕๐.๑,-,๐๕-ม.ค.-๑๙๖๗,1,ใช้ได้,รับมาจาก ศรท. (โต๊ะเหมียว),จอคอมพิวเตอร์,-
665,จอคอมพิวเตอร์ ยี่ห้อ Acer  รุ่น  V193HQL,๗๔๔๐-๐๒๐-๐๐๐๒.๖๕.๑,-,๐๕-ม.ค.-๑๙๖๗,1,ใช้ได้,รับมาจาก ศรท. ,จอคอมพิวเตอร์,-
666,จอคอมพิวเตอร์ ยี่ห้อ Acer  รุ่น  V193HQL,๗๔๔๐-๐๒๐-๐๐๐๒.๘๕.๑,-,๐๕-ม.ค.-๑๙๖๗,1,ใช้ได้,รับมาจาก ศรท. (โต๊ะนิพนธ์),จอคอมพิวเตอร์,-
667,จอคอมพิวเตอร์ ยี่ห้อ Acer  รุ่น  V193w  ,๗๔๔๐-๐๑๓-๗๔๙๔.๑,-,๐๕-ม.ค.-๑๙๖๗,1,ใช้ได้,รับมาจาก ศรท. ,จอคอมพิวเตอร์,-
668,จอคอมพิวเตอร์ ยี่ห้อ HP  รุ่น  V193b,๗๔๔๐-๐๐๖-๓๑๒๓,-,๐๕-ม.ค.-๑๙๖๗,1,ใช้ได้,รับมาจาก ศรท. (โต๊ะศรัณ),จอคอมพิวเตอร์,-
669,จอคอมพิวเตอร์ ยี่ห้อ DELL  รุ่น E1911c,๗๔๔๐-๐๒๐-๐๐๐๘.๓๓,-,๐๕-ม.ค.-๑๙๖๗,1,ใช้ได้,รับมาจาก ศรท. ,จอคอมพิวเตอร์,-
670,จอคอมพิวเตอร์ ยี่ห้อ Acer  รุ่น  V193,๗๔๔๐-๐๒๐-๐๐๐๓.๖.๑,-,๐๕-ม.ค.-๑๙๖๗,1,ใช้ได้,รับมาจาก ศรท. ,จอคอมพิวเตอร์,-
671,จอคอมพิวเตอร์ ยี่ห้อ Acer  รุ่น  V193,๗๔๔๐-๐๒๐-๐๐๐๓.๑๙.๑,-,๐๕-ม.ค.-๑๙๖๗,1,ใช้ได้,รับมาจาก ศรท. ,จอคอมพิวเตอร์,-
672,จอคอมพิวเตอร์ ยี่ห้อ Acer  รุ่น  V193,๗๔๔๐-๐๒๐-๐๐๐๓.๗.๑,-,๐๕-ม.ค.-๑๙๖๗,1,ใช้ได้,รับมาจาก ศรท. ,จอคอมพิวเตอร์,-
673,จอคอมพิวเตอร์ ยี่ห้อ Acer  รุ่น  V193,๗๔๔๐-๐๒๐-๐๐๐๓.๖๘.๑,-,๐๕-ม.ค.-๑๙๖๗,1,ใช้ได้,รับมาจาก ศรท. ,จอคอมพิวเตอร์,-
674,จอคอมพิวเตอร์ ยี่ห้อ Acer  รุ่น  V193HQL,๗๔๔๐-๐๒๐-๐๐๐๒.๕๔.๑,-,๐๕-ม.ค.-๑๙๖๗,1,ใช้ได้,รับมาจาก ศรท. ,จอคอมพิวเตอร์,-
675,จอคอมพิวเตอร์ ยี่ห้อ Acer  รุ่น  V193HQL,๗๔๔๐-๐๒๐-๐๐๐๒.๖๑.๑,-,๐๕-ม.ค.-๑๙๖๗,1,ใช้ได้,รับมาจาก ศรท. (โต๊ะกิ๊ก),จอคอมพิวเตอร์,-
676,จอคอมพิวเตอร์ ยี่ห้อ Acer  รุ่น  V193,๗๔๔๐-๐๒๐-๐๐๐๓.๘.๑,-,๐๕-ม.ค.-๑๙๖๗,1,ใช้ได้,รับมาจาก ศรท. ,จอคอมพิวเตอร์,-
677,จอคอมพิวเตอร์ ยี่ห้อ Acer  รุ่น  V193,๗๔๔๐-๐๒๐-๐๐๐๓.๑๔.๑,-,๐๕-ม.ค.-๑๙๖๗,1,ใช้ได้,รับมาจาก ศรท. ,จอคอมพิวเตอร์,-
678,จอคอมพิวเตอร์ ยี่ห้อ Acer  รุ่น  V193,๗๔๔๐-๐๒๐-๐๐๐๓.๒๓.๑,-,๐๕-ม.ค.-๑๙๖๗,1,ใช้ได้,รับมาจาก ศรท. ,จอคอมพิวเตอร์,-
679,จอคอมพิวเตอร์ ยี่ห้อ Acer  รุ่น  V193,๗๔๔๐-๐๒๐-๐๐๐๓.๒๐.๑,-,๐๕-ม.ค.-๑๙๖๗,1,ใช้ได้,รับมาจาก ศรท. ,จอคอมพิวเตอร์,-
680,จอคอมพิวเตอร์ ยี่ห้อ Acer  รุ่น  V193,๗๔๔๐-๐๒๐-๐๐๐๓.๑๗.๑,-,๐๕-ม.ค.-๑๙๖๗,1,ใช้ได้,รับมาจาก ศรท.  ,จอคอมพิวเตอร์,-
